problem_id,answer,test_cases,num_test_cases
p00000,"#include<stdio.h>
int main(void){
	int i,j;
	for(i=1;i<=9;i++){
		for(j=1;j<=9;j++){
			printf(""%dx%d=%d\n"",i,j,i*j);
		}
	}
	return 0;
}","[{""input"": ""\n"", ""output"": ""\n""}]",1
p02283,"#include<stdio.h>
#include<stdlib.h>

struct node{
  struct node *right;
  struct node *left;
  struct node *parent;
  int key;
};
typedef struct node * Node;
#define NIL NULL

Node root;

void insert(int k){
  Node y = NIL;
  Node x = root;
  Node z;

  z = malloc(sizeof(struct node));
  z->key = k;
  z->left = NIL;
  z->right = NIL;

  while(x != NIL){
    y=x;
    if(z->key < x->key) x = x->left;
    else x = x->right;
  }
  z->parent = y;

  if(y == NIL) root = z;
  else if(z->key < y->key) y->left = z;
  else y->right = z;

}

void inorder(Node u){
  if(u->left != NIL) inorder(u->left);
  printf("" %d"",u->key);
  if(u->right != NIL) inorder(u->right);  
}
void preorder(Node u){
  printf("" %d"",u->key);
  if(u->left != NIL) preorder(u->left);
  if(u->right != NIL) preorder(u->right);  
}


int main(){
  int n, i, x;
  char com[20];
  scanf(""%d"", &n);

  for ( i = 0; i < n; i++ ){
    scanf(""%s"", com);
    if ( com[0] == 'i' ){
      scanf(""%d"", &x);
      insert(x);
    } else if ( com[0] == 'p' ){
      inorder(root);
      printf(""\n"");
      preorder(root);
      printf(""\n"");
    }
  }

  return 0;
}

","[{""input"": ""8\ninsert 30\ninsert 88\ninsert 18\ninsert 1\ninsert 20\ninsert 17\ninsert 25\nprint\n"", ""output"": "" 1 17 18 20 25 30 88\n 30 18 1 17 20 25 88\n\n""}, {""input"": ""8\ninsert 30\ninsert 113\ninsert 18\ninsert 1\ninsert 20\ninsert 17\ninsert 25\nprint\n"", ""output"": "" 1 17 18 20 25 30 113\n 30 18 1 17 20 25 113\n\n""}, {""input"": ""8\ninsert 30\ninsert 88\ninsert 18\ninsert 1\ninsert 20\ninsert 21\ninsert 25\nprint\n"", ""output"": "" 1 18 20 21 25 30 88\n 30 18 1 20 21 25 88\n\n""}, {""input"": ""8\ninsert 30\ninsert 88\ninsert 24\ninsert 1\ninsert 20\ninsert 21\ninsert 25\nprint\n"", ""output"": "" 1 20 21 24 25 30 88\n 30 24 1 20 21 25 88\n\n""}, {""input"": ""8\ninsert 30\ninsert 88\ninsert 24\ninsert 1\ninsert 20\ninsert 21\ninsert 16\nprint\n"", ""output"": "" 1 16 20 21 24 30 88\n 30 24 1 20 16 21 88\n\n""}, {""input"": ""8\ninsert 30\ninsert 99\ninsert 12\ninsert 1\ninsert 20\ninsert 17\ninsert 25\nprint\n"", ""output"": "" 1 12 17 20 25 30 99\n 30 12 1 20 17 25 99\n\n""}, {""input"": ""8\ninsert 30\ninsert 88\ninsert 18\ninsert 0\ninsert 20\ninsert 21\ninsert 25\nprint\n"", ""output"": "" 0 18 20 21 25 30 88\n 30 18 0 20 21 25 88\n\n""}, {""input"": ""8\ninsert 30\ninsert 99\ninsert 12\ninsert 1\ninsert 20\ninsert 17\ninsert 19\nprint\n"", ""output"": "" 1 12 17 19 20 30 99\n 30 12 1 20 17 19 99\n\n""}, {""input"": ""8\ninsert 30\ninsert 88\ninsert 12\ninsert 1\ninsert 32\ninsert 17\ninsert 25\nprint\n"", ""output"": "" 1 12 17 25 30 32 88\n 30 12 1 17 25 88 32\n\n""}, {""input"": ""8\ninsert 30\ninsert 93\ninsert 18\ninsert 1\ninsert 20\ninsert 17\ninsert 25\nprint\n"", ""output"": "" 1 17 18 20 25 30 93\n 30 18 1 17 20 25 93\n\n""}, {""input"": ""8\ninsert 42\ninsert 99\ninsert 12\ninsert 1\ninsert 20\ninsert 17\ninsert 25\nprint\n"", ""output"": "" 1 12 17 20 25 42 99\n 42 12 1 20 17 25 99\n\n""}, {""input"": ""8\ninsert 30\ninsert 166\ninsert 12\ninsert 1\ninsert 20\ninsert 17\ninsert 19\nprint\n"", ""output"": "" 1 12 17 19 20 30 166\n 30 12 1 20 17 19 166\n\n""}, {""input"": ""8\ninsert 30\ninsert 4\ninsert 12\ninsert 1\ninsert 32\ninsert 17\ninsert 25\nprint\n"", ""output"": "" 1 4 12 17 25 30 32\n 30 4 1 12 17 25 32\n\n""}, {""input"": ""8\ninsert 42\ninsert 99\ninsert 12\ninsert 1\ninsert 6\ninsert 17\ninsert 25\nprint\n"", ""output"": "" 1 6 12 17 25 42 99\n 42 12 1 6 17 25 99\n\n""}, {""input"": ""8\ninsert 30\ninsert 166\ninsert 12\ninsert 1\ninsert 18\ninsert 17\ninsert 19\nprint\n"", ""output"": "" 1 12 17 18 19 30 166\n 30 12 1 18 17 19 166\n\n""}, {""input"": ""8\ninsert 30\ninsert 4\ninsert 12\ninsert 1\ninsert 32\ninsert 17\ninsert 47\nprint\n"", ""output"": "" 1 4 12 17 30 32 47\n 30 4 1 12 17 32 47\n\n""}, {""input"": ""8\ninsert 42\ninsert 99\ninsert 5\ninsert 1\ninsert 6\ninsert 17\ninsert 25\nprint\n"", ""output"": "" 1 5 6 17 25 42 99\n 42 5 1 6 17 25 99\n\n""}, {""input"": ""8\ninsert 42\ninsert 99\ninsert 5\ninsert 1\ninsert 11\ninsert 17\ninsert 25\nprint\n"", ""output"": "" 1 5 11 17 25 42 99\n 42 5 1 11 17 25 99\n\n""}, {""input"": ""8\ninsert 30\ninsert 113\ninsert 18\ninsert 2\ninsert 20\ninsert 17\ninsert 25\nprint\n"", ""output"": "" 2 17 18 20 25 30 113\n 30 18 2 17 20 25 113\n\n""}, {""input"": ""8\ninsert 30\ninsert 88\ninsert 18\ninsert 1\ninsert 20\ninsert 21\ninsert 12\nprint\n"", ""output"": "" 1 12 18 20 21 30 88\n 30 18 1 12 20 21 88\n\n""}, {""input"": ""8\ninsert 30\ninsert 71\ninsert 24\ninsert 1\ninsert 20\ninsert 21\ninsert 25\nprint\n"", ""output"": "" 1 20 21 24 25 30 71\n 30 24 1 20 21 25 71\n\n""}, {""input"": ""8\ninsert 30\ninsert 99\ninsert 12\ninsert 1\ninsert 20\ninsert 9\ninsert 19\nprint\n"", ""output"": "" 1 9 12 19 20 30 99\n 30 12 1 9 20 19 99\n\n""}, {""input"": ""8\ninsert 30\ninsert 105\ninsert 12\ninsert 1\ninsert 32\ninsert 17\ninsert 25\nprint\n"", ""output"": "" 1 12 17 25 30 32 105\n 30 12 1 17 25 105 32\n\n""}, {""input"": ""8\ninsert 55\ninsert 4\ninsert 12\ninsert 1\ninsert 32\ninsert 17\ninsert 25\nprint\n"", ""output"": "" 1 4 12 17 25 32 55\n 55 4 1 12 32 17 25\n\n""}, {""input"": ""8\ninsert 30\ninsert 264\ninsert 12\ninsert 1\ninsert 18\ninsert 17\ninsert 19\nprint\n"", ""output"": "" 1 12 17 18 19 30 264\n 30 12 1 18 17 19 264\n\n""}, {""input"": ""8\ninsert 30\ninsert 4\ninsert 12\ninsert 1\ninsert 54\ninsert 17\ninsert 47\nprint\n"", ""output"": "" 1 4 12 17 30 47 54\n 30 4 1 12 17 54 47\n\n""}, {""input"": ""8\ninsert 30\ninsert 71\ninsert 24\ninsert 1\ninsert 20\ninsert 21\ninsert 42\nprint\n"", ""output"": "" 1 20 21 24 30 42 71\n 30 24 1 20 21 71 42\n\n""}, {""input"": ""8\ninsert 30\ninsert 6\ninsert 12\ninsert 1\ninsert 54\ninsert 17\ninsert 47\nprint\n"", ""output"": "" 1 6 12 17 30 47 54\n 30 6 1 12 17 54 47\n\n""}, {""input"": ""8\ninsert 30\ninsert 113\ninsert 24\ninsert 1\ninsert 20\ninsert 21\ninsert 42\nprint\n"", ""output"": "" 1 20 21 24 30 42 113\n 30 24 1 20 21 113 42\n\n""}, {""input"": ""8\ninsert 30\ninsert 6\ninsert 12\ninsert 1\ninsert 68\ninsert 17\ninsert 47\nprint\n"", ""output"": "" 1 6 12 17 30 47 68\n 30 6 1 12 17 68 47\n\n""}, {""input"": ""8\ninsert 30\ninsert 113\ninsert 24\ninsert 1\ninsert 20\ninsert 17\ninsert 25\nprint\n"", ""output"": "" 1 17 20 24 25 30 113\n 30 24 1 20 17 25 113\n\n""}, {""input"": ""8\ninsert 30\ninsert 116\ninsert 18\ninsert 1\ninsert 20\ninsert 21\ninsert 25\nprint\n"", ""output"": "" 1 18 20 21 25 30 116\n 30 18 1 20 21 25 116\n\n""}, {""input"": ""8\ninsert 33\ninsert 88\ninsert 24\ninsert 1\ninsert 20\ninsert 21\ninsert 16\nprint\n"", ""output"": "" 1 16 20 21 24 33 88\n 33 24 1 20 16 21 88\n\n""}, {""input"": ""8\ninsert 42\ninsert 99\ninsert 12\ninsert 2\ninsert 20\ninsert 17\ninsert 25\nprint\n"", ""output"": "" 2 12 17 20 25 42 99\n 42 12 2 20 17 25 99\n\n""}, {""input"": ""8\ninsert 30\ninsert 166\ninsert 12\ninsert 0\ninsert 20\ninsert 17\ninsert 19\nprint\n"", ""output"": "" 0 12 17 19 20 30 166\n 30 12 0 20 17 19 166\n\n""}, {""input"": ""8\ninsert 30\ninsert 4\ninsert 24\ninsert 1\ninsert 32\ninsert 17\ninsert 47\nprint\n"", ""output"": "" 1 4 17 24 30 32 47\n 30 4 1 24 17 32 47\n\n""}, {""input"": ""8\ninsert 42\ninsert 99\ninsert 5\ninsert 1\ninsert 11\ninsert 2\ninsert 25\nprint\n"", ""output"": "" 1 2 5 11 25 42 99\n 42 5 1 2 11 25 99\n\n""}, {""input"": ""8\ninsert 30\ninsert 113\ninsert 18\ninsert 2\ninsert 20\ninsert 17\ninsert 41\nprint\n"", ""output"": "" 2 17 18 20 30 41 113\n 30 18 2 17 20 113 41\n\n""}, {""input"": ""8\ninsert 30\ninsert 69\ninsert 12\ninsert 1\ninsert 20\ninsert 9\ninsert 19\nprint\n"", ""output"": "" 1 9 12 19 20 30 69\n 30 12 1 9 20 19 69\n\n""}, {""input"": ""8\ninsert 30\ninsert 74\ninsert 12\ninsert 1\ninsert 32\ninsert 17\ninsert 25\nprint\n"", ""output"": "" 1 12 17 25 30 32 74\n 30 12 1 17 25 74 32\n\n""}, {""input"": ""8\ninsert 55\ninsert 4\ninsert 12\ninsert 1\ninsert 2\ninsert 17\ninsert 25\nprint\n"", ""output"": "" 1 2 4 12 17 25 55\n 55 4 1 2 12 17 25\n\n""}, {""input"": ""8\ninsert 30\ninsert 264\ninsert 12\ninsert 1\ninsert 18\ninsert 0\ninsert 19\nprint\n"", ""output"": "" 0 1 12 18 19 30 264\n 30 12 1 0 18 19 264\n\n""}, {""input"": ""8\ninsert 30\ninsert 6\ninsert 12\ninsert 1\ninsert 54\ninsert 17\ninsert 16\nprint\n"", ""output"": "" 1 6 12 16 17 30 54\n 30 6 1 12 17 16 54\n\n""}, {""input"": ""8\ninsert 30\ninsert 6\ninsert 12\ninsert 1\ninsert 20\ninsert 17\ninsert 47\nprint\n"", ""output"": "" 1 6 12 17 20 30 47\n 30 6 1 12 20 17 47\n\n""}, {""input"": ""8\ninsert 30\ninsert 212\ninsert 18\ninsert 1\ninsert 20\ninsert 21\ninsert 25\nprint\n"", ""output"": "" 1 18 20 21 25 30 212\n 30 18 1 20 21 25 212\n\n""}, {""input"": ""8\ninsert 33\ninsert 88\ninsert 24\ninsert 1\ninsert 20\ninsert 7\ninsert 16\nprint\n"", ""output"": "" 1 7 16 20 24 33 88\n 33 24 1 20 7 16 88\n\n""}, {""input"": ""8\ninsert 42\ninsert 118\ninsert 5\ninsert 1\ninsert 11\ninsert 2\ninsert 25\nprint\n"", ""output"": "" 1 2 5 11 25 42 118\n 42 5 1 2 11 25 118\n\n""}, {""input"": ""8\ninsert 30\ninsert 215\ninsert 18\ninsert 2\ninsert 20\ninsert 17\ninsert 41\nprint\n"", ""output"": "" 2 17 18 20 30 41 215\n 30 18 2 17 20 215 41\n\n""}, {""input"": ""8\ninsert 30\ninsert 212\ninsert 18\ninsert 2\ninsert 20\ninsert 21\ninsert 25\nprint\n"", ""output"": "" 2 18 20 21 25 30 212\n 30 18 2 20 21 25 212\n\n""}, {""input"": ""8\ninsert 19\ninsert 88\ninsert 24\ninsert 1\ninsert 20\ninsert 7\ninsert 16\nprint\n"", ""output"": "" 1 7 16 19 20 24 88\n 19 1 7 16 88 24 20\n\n""}, {""input"": ""8\ninsert 30\ninsert 215\ninsert 18\ninsert 2\ninsert 20\ninsert 17\ninsert 69\nprint\n"", ""output"": "" 2 17 18 20 30 69 215\n 30 18 2 17 20 215 69\n\n""}, {""input"": ""8\ninsert 30\ninsert 212\ninsert 18\ninsert 0\ninsert 20\ninsert 21\ninsert 25\nprint\n"", ""output"": "" 0 18 20 21 25 30 212\n 30 18 0 20 21 25 212\n\n""}, {""input"": ""8\ninsert 23\ninsert 212\ninsert 18\ninsert 0\ninsert 20\ninsert 21\ninsert 25\nprint\n"", ""output"": "" 0 18 20 21 23 25 212\n 23 18 0 20 21 212 25\n\n""}, {""input"": ""8\ninsert 23\ninsert 212\ninsert 18\ninsert 0\ninsert 20\ninsert 21\ninsert 32\nprint\n"", ""output"": "" 0 18 20 21 23 32 212\n 23 18 0 20 21 212 32\n\n""}, {""input"": ""8\ninsert 2\ninsert 88\ninsert 12\ninsert 1\ninsert 20\ninsert 17\ninsert 25\nprint\n"", ""output"": "" 1 2 12 17 20 25 88\n 2 1 88 12 20 17 25\n\n""}, {""input"": ""8\ninsert 30\ninsert 88\ninsert 33\ninsert 1\ninsert 20\ninsert 17\ninsert 25\nprint\n"", ""output"": "" 1 17 20 25 30 33 88\n 30 1 20 17 25 88 33\n\n""}, {""input"": ""8\ninsert 30\ninsert 113\ninsert 18\ninsert 1\ninsert 14\ninsert 17\ninsert 25\nprint\n"", ""output"": "" 1 14 17 18 25 30 113\n 30 18 1 14 17 25 113\n\n""}, {""input"": ""8\ninsert 13\ninsert 88\ninsert 18\ninsert 1\ninsert 20\ninsert 21\ninsert 25\nprint\n"", ""output"": "" 1 13 18 20 21 25 88\n 13 1 88 18 20 21 25\n\n""}, {""input"": ""8\ninsert 30\ninsert 99\ninsert 12\ninsert 1\ninsert 7\ninsert 17\ninsert 19\nprint\n"", ""output"": "" 1 7 12 17 19 30 99\n 30 12 1 7 17 19 99\n\n""}, {""input"": ""8\ninsert 30\ninsert 93\ninsert 18\ninsert 1\ninsert 20\ninsert 17\ninsert 37\nprint\n"", ""output"": "" 1 17 18 20 30 37 93\n 30 18 1 17 20 93 37\n\n""}, {""input"": ""8\ninsert 42\ninsert 99\ninsert 12\ninsert 1\ninsert 33\ninsert 17\ninsert 25\nprint\n"", ""output"": "" 1 12 17 25 33 42 99\n 42 12 1 33 17 25 99\n\n""}, {""input"": ""8\ninsert 16\ninsert 99\ninsert 12\ninsert 1\ninsert 6\ninsert 17\ninsert 25\nprint\n"", ""output"": "" 1 6 12 16 17 25 99\n 16 12 1 6 99 17 25\n\n""}, {""input"": ""8\ninsert 33\ninsert 166\ninsert 12\ninsert 1\ninsert 18\ninsert 17\ninsert 19\nprint\n"", ""output"": "" 1 12 17 18 19 33 166\n 33 12 1 18 17 19 166\n\n""}, {""input"": ""8\ninsert 42\ninsert 99\ninsert 5\ninsert 1\ninsert 11\ninsert 17\ninsert 0\nprint\n"", ""output"": "" 0 1 5 11 17 42 99\n 42 5 1 0 11 17 99\n\n""}, {""input"": ""8\ninsert 30\ninsert 113\ninsert 18\ninsert 2\ninsert 27\ninsert 17\ninsert 25\nprint\n"", ""output"": "" 2 17 18 25 27 30 113\n 30 18 2 17 27 25 113\n\n""}, {""input"": ""8\ninsert 30\ninsert 71\ninsert 24\ninsert 1\ninsert 20\ninsert 21\ninsert 45\nprint\n"", ""output"": "" 1 20 21 24 30 45 71\n 30 24 1 20 21 71 45\n\n""}, {""input"": ""8\ninsert 30\ninsert 99\ninsert 21\ninsert 1\ninsert 20\ninsert 9\ninsert 19\nprint\n"", ""output"": "" 1 9 19 20 21 30 99\n 30 21 1 20 9 19 99\n\n""}, {""input"": ""8\ninsert 30\ninsert 195\ninsert 12\ninsert 1\ninsert 32\ninsert 17\ninsert 25\nprint\n"", ""output"": "" 1 12 17 25 30 32 195\n 30 12 1 17 25 195 32\n\n""}, {""input"": ""8\ninsert 55\ninsert 4\ninsert 12\ninsert 0\ninsert 32\ninsert 17\ninsert 25\nprint\n"", ""output"": "" 0 4 12 17 25 32 55\n 55 4 0 12 32 17 25\n\n""}, {""input"": ""8\ninsert 30\ninsert 170\ninsert 12\ninsert 1\ninsert 18\ninsert 17\ninsert 19\nprint\n"", ""output"": "" 1 12 17 18 19 30 170\n 30 12 1 18 17 19 170\n\n""}, {""input"": ""8\ninsert 30\ninsert 113\ninsert 24\ninsert 1\ninsert 20\ninsert 7\ninsert 25\nprint\n"", ""output"": "" 1 7 20 24 25 30 113\n 30 24 1 20 7 25 113\n\n""}, {""input"": ""8\ninsert 39\ninsert 116\ninsert 18\ninsert 1\ninsert 20\ninsert 21\ninsert 25\nprint\n"", ""output"": "" 1 18 20 21 25 39 116\n 39 18 1 20 21 25 116\n\n""}, {""input"": ""8\ninsert 42\ninsert 54\ninsert 12\ninsert 2\ninsert 20\ninsert 17\ninsert 25\nprint\n"", ""output"": "" 2 12 17 20 25 42 54\n 42 12 2 20 17 25 54\n\n""}, {""input"": ""8\ninsert 57\ninsert 166\ninsert 12\ninsert 0\ninsert 20\ninsert 17\ninsert 19\nprint\n"", ""output"": "" 0 12 17 19 20 57 166\n 57 12 0 20 17 19 166\n\n""}, {""input"": ""8\ninsert 30\ninsert 4\ninsert 24\ninsert 1\ninsert 32\ninsert 17\ninsert 78\nprint\n"", ""output"": "" 1 4 17 24 30 32 78\n 30 4 1 24 17 32 78\n\n""}, {""input"": ""8\ninsert 42\ninsert 99\ninsert 10\ninsert 1\ninsert 11\ninsert 2\ninsert 25\nprint\n"", ""output"": "" 1 2 10 11 25 42 99\n 42 10 1 2 11 25 99\n\n""}, {""input"": ""8\ninsert 30\ninsert 8\ninsert 18\ninsert 2\ninsert 20\ninsert 17\ninsert 41\nprint\n"", ""output"": "" 2 8 17 18 20 30 41\n 30 8 2 18 17 20 41\n\n""}, {""input"": ""8\ninsert 30\ninsert 74\ninsert 12\ninsert 1\ninsert 38\ninsert 17\ninsert 25\nprint\n"", ""output"": "" 1 12 17 25 30 38 74\n 30 12 1 17 25 74 38\n\n""}, {""input"": ""8\ninsert 55\ninsert 4\ninsert 12\ninsert 1\ninsert 2\ninsert 17\ninsert 45\nprint\n"", ""output"": "" 1 2 4 12 17 45 55\n 55 4 1 2 12 17 45\n\n""}, {""input"": ""8\ninsert 33\ninsert 88\ninsert 24\ninsert 0\ninsert 20\ninsert 7\ninsert 16\nprint\n"", ""output"": "" 0 7 16 20 24 33 88\n 33 24 0 20 7 16 88\n\n""}, {""input"": ""8\ninsert 49\ninsert 215\ninsert 18\ninsert 2\ninsert 20\ninsert 17\ninsert 41\nprint\n"", ""output"": "" 2 17 18 20 41 49 215\n 49 18 2 17 20 41 215\n\n""}, {""input"": ""8\ninsert 30\ninsert 406\ninsert 18\ninsert 2\ninsert 20\ninsert 21\ninsert 25\nprint\n"", ""output"": "" 2 18 20 21 25 30 406\n 30 18 2 20 21 25 406\n\n""}, {""input"": ""8\ninsert 30\ninsert 215\ninsert 18\ninsert 2\ninsert 20\ninsert 17\ninsert 93\nprint\n"", ""output"": "" 2 17 18 20 30 93 215\n 30 18 2 17 20 215 93\n\n""}, {""input"": ""8\ninsert 35\ninsert 212\ninsert 18\ninsert 0\ninsert 20\ninsert 21\ninsert 25\nprint\n"", ""output"": "" 0 18 20 21 25 35 212\n 35 18 0 20 21 25 212\n\n""}, {""input"": ""8\ninsert 23\ninsert 212\ninsert 35\ninsert 0\ninsert 20\ninsert 21\ninsert 25\nprint\n"", ""output"": "" 0 20 21 23 25 35 212\n 23 0 20 21 212 35 25\n\n""}, {""input"": ""8\ninsert 13\ninsert 88\ninsert 18\ninsert 1\ninsert 10\ninsert 21\ninsert 25\nprint\n"", ""output"": "" 1 10 13 18 21 25 88\n 13 1 10 88 18 21 25\n\n""}, {""input"": ""8\ninsert 30\ninsert 113\ninsert 18\ninsert 2\ninsert 27\ninsert 17\ninsert 20\nprint\n"", ""output"": "" 2 17 18 20 27 30 113\n 30 18 2 17 27 20 113\n\n""}, {""input"": ""8\ninsert 30\ninsert 99\ninsert 21\ninsert 1\ninsert 20\ninsert 0\ninsert 19\nprint\n"", ""output"": "" 0 1 19 20 21 30 99\n 30 21 1 0 20 19 99\n\n""}, {""input"": ""8\ninsert 55\ninsert 4\ninsert 12\ninsert 0\ninsert 32\ninsert 22\ninsert 25\nprint\n"", ""output"": "" 0 4 12 22 25 32 55\n 55 4 0 12 32 22 25\n\n""}, {""input"": ""8\ninsert 30\ninsert 170\ninsert 12\ninsert 1\ninsert 18\ninsert 17\ninsert 32\nprint\n"", ""output"": "" 1 12 17 18 30 32 170\n 30 12 1 18 17 170 32\n\n""}, {""input"": ""8\ninsert 39\ninsert 116\ninsert 18\ninsert 2\ninsert 20\ninsert 21\ninsert 25\nprint\n"", ""output"": "" 2 18 20 21 25 39 116\n 39 18 2 20 21 25 116\n\n""}, {""input"": ""8\ninsert 30\ninsert 54\ninsert 12\ninsert 2\ninsert 20\ninsert 17\ninsert 25\nprint\n"", ""output"": "" 2 12 17 20 25 30 54\n 30 12 2 20 17 25 54\n\n""}, {""input"": ""8\ninsert 42\ninsert 99\ninsert 6\ninsert 1\ninsert 11\ninsert 2\ninsert 25\nprint\n"", ""output"": "" 1 2 6 11 25 42 99\n 42 6 1 2 11 25 99\n\n""}, {""input"": ""8\ninsert 5\ninsert 215\ninsert 18\ninsert 2\ninsert 20\ninsert 17\ninsert 41\nprint\n"", ""output"": "" 2 5 17 18 20 41 215\n 5 2 215 18 17 20 41\n\n""}, {""input"": ""8\ninsert 42\ninsert 406\ninsert 18\ninsert 2\ninsert 20\ninsert 21\ninsert 25\nprint\n"", ""output"": "" 2 18 20 21 25 42 406\n 42 18 2 20 21 25 406\n\n""}, {""input"": ""8\ninsert 0\ninsert 88\ninsert 18\ninsert 1\ninsert 10\ninsert 21\ninsert 25\nprint\n"", ""output"": "" 0 1 10 18 21 25 88\n 0 88 18 1 10 21 25\n\n""}, {""input"": ""8\ninsert 55\ninsert 4\ninsert 12\ninsert 0\ninsert 32\ninsert 22\ninsert 5\nprint\n"", ""output"": "" 0 4 5 12 22 32 55\n 55 4 0 12 5 32 22\n\n""}, {""input"": ""8\ninsert 30\ninsert 54\ninsert 12\ninsert 2\ninsert 20\ninsert 17\ninsert 34\nprint\n"", ""output"": "" 2 12 17 20 30 34 54\n 30 12 2 20 17 54 34\n\n""}, {""input"": ""8\ninsert 42\ninsert 99\ninsert 6\ninsert 1\ninsert 11\ninsert 2\ninsert 38\nprint\n"", ""output"": "" 1 2 6 11 38 42 99\n 42 6 1 2 11 38 99\n\n""}, {""input"": ""8\ninsert 5\ninsert 215\ninsert 18\ninsert 2\ninsert 8\ninsert 17\ninsert 41\nprint\n"", ""output"": "" 2 5 8 17 18 41 215\n 5 2 215 18 8 17 41\n\n""}, {""input"": ""8\ninsert 30\ninsert 88\ninsert 12\ninsert 1\ninsert 20\ninsert 17\ninsert 25\nprint\n"", ""output"": ""1 12 17 20 25 30 88\n 30 12 1 20 17 25 88\n""}, {""input"": ""8\ninsert 30\ninsert 88\ninsert 12\ninsert 1\ninsert 20\ninsert 17\ninsert 25\nprint\n"", ""output"": "" 1 12 17 20 25 30 88\n 30 12 1 20 17 25 88\n""}]",102
p00135,"#include <stdio.h>
#include <stdlib.h>

int main()
{

    int hour = 0, minute = 0;
    double hangle, mangle;
    double difangle = 0;
    int i;
    int num;
    
    scanf(""%d"",&num);
    if (0 < num && num <= 10000) {
        for(i = 0; i < num; i++){
            scanf(""%d:%d"",&hour ,&minute);
            if ((0 <= hour && hour < 12) && (0 <= minute && minute < 60)) {
                hangle = (hour * 30) + ((double)minute / 2);
                mangle = minute * 6;
                difangle  = (hangle - mangle);
                if (difangle < 0) {
                    difangle *= -1;
                }
               // printf(""%lf\n"",hangle);
                //printf(""%lf\n"",mangle);
                if (difangle > 180) {
                    if (hour < 6 && 30 < minute) {
                        difangle = hangle + 360 - mangle;
                    }
                    else{
                        difangle = mangle + 360 - hangle;
                    }
                }
                if (0 <= difangle && difangle < 30) {
                    printf(""alert\n"");
                   // printf(""%lf\n"",difangle);
                }
                else if (90 <= difangle && difangle <= 180){
                    printf(""safe\n"");
                  //  printf(""%lf\n"",difangle);
                }
                else {
                    printf(""warning\n"");
                  //  printf(""%lf\n"",difangle);
                }
            }
        }
    }
    
    return 0;
}","[{""input"": ""4\n02:15\n05:01\n11:55\n10:40\n"", ""output"": ""alert\nsafe\nalert\nwarning\n\n""}, {""input"": ""4\n02:15\n05:01\n11:54\n10:40\n"", ""output"": ""alert\nsafe\nwarning\nwarning\n\n""}, {""input"": ""4\n12:15\n05:01\n11:54\n10:40\n"", ""output"": ""warning\nsafe\nwarning\nwarning\n\n""}, {""input"": ""4\n02:15\n05:01\n11:55\n11:40\n"", ""output"": ""alert\nsafe\nalert\nsafe\n\n""}, {""input"": ""4\n12:05\n05:01\n11:44\n00:41\n"", ""output"": ""alert\nsafe\nwarning\nsafe\n\n""}, {""input"": ""4\n02:15\n10:50\n11:54\n10:40\n"", ""output"": ""alert\nalert\nwarning\nwarning\n\n""}, {""input"": ""4\n03:05\n06:11\n11:55\n10:41\n"", ""output"": ""warning\nsafe\nalert\nwarning\n\n""}, {""input"": ""4\n03:15\n11:60\n11:55\n00:40\n"", ""output"": ""alert\nalert\nalert\nsafe\n\n""}, {""input"": ""4\n12:05\n05:01\n12:44\n10:40\n"", ""output"": ""alert\nsafe\nsafe\nwarning\n\n""}, {""input"": ""4\n02:15\n10:60\n11:55\n11:40\n"", ""output"": ""alert\nwarning\nalert\nsafe\n\n""}, {""input"": ""4\n03:25\n11:60\n11:65\n10:41\n"", ""output"": ""warning\nalert\nalert\nwarning\n\n""}, {""input"": ""4\n12:04\n01:05\n11:44\n01:41\n"", ""output"": ""alert\nalert\nwarning\nsafe\n\n""}, {""input"": ""4\n12:16\n05:01\n11:55\n00:41\n"", ""output"": ""warning\nsafe\nalert\nsafe\n\n""}, {""input"": ""4\n03:25\n10:61\n11:65\n10:41\n"", ""output"": ""warning\nwarning\nalert\nwarning\n\n""}, {""input"": ""4\n11:15\n05:01\n11:54\n10:40\n"", ""output"": ""safe\nsafe\nwarning\nwarning\n\n""}, {""input"": ""4\n02:15\n10:50\n11:55\n10:40\n"", ""output"": ""alert\nalert\nalert\nwarning\n\n""}, {""input"": ""4\n12:05\n05:01\n12:44\n1:040\n"", ""output"": ""alert\nsafe\nsafe\nsafe\n\n""}, {""input"": ""4\n03:35\n10:61\n11:65\n10:41\n"", ""output"": ""safe\nwarning\nalert\nwarning\n\n""}, {""input"": ""4\n12:15\n10:50\n11:44\n10:40\n"", ""output"": ""warning\nalert\nwarning\nwarning\n\n""}, {""input"": ""4\n03:35\n10:61\n15:61\n10:41\n"", ""output"": ""safe\nwarning\nsafe\nwarning\n\n""}, {""input"": ""4\n11:15\n05:02\n11:64\n10:40\n"", ""output"": ""safe\nsafe\nalert\nwarning\n\n""}, {""input"": ""4\n11:15\n10:50\n11:44\n10:40\n"", ""output"": ""safe\nalert\nwarning\nwarning\n\n""}, {""input"": ""4\n11:15\n02:06\n11:64\n10:40\n"", ""output"": ""safe\nalert\nalert\nwarning\n\n""}, {""input"": ""4\n12:15\n05:01\n11:54\n04:01\n"", ""output"": ""warning\nsafe\nwarning\nsafe\n\n""}, {""input"": ""4\n12:17\n05:01\n11:55\n00:41\n"", ""output"": ""safe\nsafe\nalert\nsafe\n\n""}, {""input"": ""4\n11:15\n05:01\n11:54\n10:50\n"", ""output"": ""safe\nsafe\nwarning\nalert\n\n""}, {""input"": ""4\n12:05\n00:50\n11:44\n10:40\n"", ""output"": ""alert\nwarning\nwarning\nwarning\n\n""}, {""input"": ""4\n12:15\n01:05\n11:54\n04:01\n"", ""output"": ""warning\nalert\nwarning\nsafe\n\n""}, {""input"": ""4\n02:05\n10:50\n11:55\n11:40\n"", ""output"": ""warning\nalert\nalert\nsafe\n\n""}, {""input"": ""4\n02:15\n20:50\n01:55\n11:41\n"", ""output"": ""alert\nwarning\nwarning\nsafe\n\n""}, {""input"": ""4\n11:15\n05:01\n11:54\n05:01\n"", ""output"": ""safe\nsafe\nwarning\nsafe\n\n""}, {""input"": ""4\n03:05\n05:11\n11:54\n10:40\n"", ""output"": ""warning\nwarning\nwarning\nwarning\n\n""}, {""input"": ""4\n03:15\n00:50\n12:45\n11:40\n"", ""output"": ""alert\nwarning\nsafe\nsafe\n\n""}, {""input"": ""4\n02:15\n05:01\n01:55\n14:11\n"", ""output"": ""alert\nsafe\nwarning\nalert\n\n""}, {""input"": ""4\n11:15\n00:52\n11:54\n10:40\n"", ""output"": ""safe\nwarning\nwarning\nwarning\n\n""}, {""input"": ""4\n03:35\n00:61\n15:61\n10:41\n"", ""output"": ""safe\nalert\nsafe\nwarning\n\n""}, {""input"": ""4\n12:05\n10:50\n12:44\n04:01\n"", ""output"": ""alert\nalert\nsafe\nsafe\n\n""}, {""input"": ""4\n11:15\n00:51\n11:54\n10:50\n"", ""output"": ""safe\nwarning\nwarning\nalert\n\n""}, {""input"": ""4\n03:35\n10:62\n15:61\n10:31\n"", ""output"": ""safe\nwarning\nsafe\nsafe\n\n""}, {""input"": ""4\n02:05\n10:40\n11:55\n11:40\n"", ""output"": ""warning\nwarning\nalert\nsafe\n\n""}, {""input"": ""4\n04:15\n06:01\n11:55\n04:21\n"", ""output"": ""warning\nsafe\nalert\nalert\n\n""}, {""input"": ""4\n01:25\n10:60\n11:55\n11:41\n"", ""output"": ""safe\nwarning\nalert\nsafe\n\n""}, {""input"": ""4\n02:15\n11:50\n11:55\n04:11\n"", ""output"": ""alert\nwarning\nalert\nwarning\n\n""}, {""input"": ""4\n12:13\n05:01\n11:34\n00:41\n"", ""output"": ""warning\nsafe\nsafe\nsafe\n\n""}, {""input"": ""4\n05:33\n10:62\n15:61\n10:31\n"", ""output"": ""warning\nwarning\nsafe\nsafe\n\n""}, {""input"": ""4\n02:51\n10:50\n11:55\n11:31\n"", ""output"": ""safe\nalert\nalert\nsafe\n\n""}, {""input"": ""4\n02:15\n10:50\n10:55\n14:11\n"", ""output"": ""alert\nalert\nalert\nalert\n\n""}, {""input"": ""4\n11:05\n11:06\n04:60\n10:40\n"", ""output"": ""warning\nwarning\nsafe\nwarning\n\n""}, {""input"": ""4\n12:06\n05:01\n12:44\n10:40\n"", ""output"": ""warning\nsafe\nsafe\nwarning\n\n""}, {""input"": ""4\n03:25\n11:60\n11:65\n10:51\n"", ""output"": ""warning\nalert\nalert\nalert\n\n""}, {""input"": ""4\n12:15\n10:50\n11:34\n10:40\n"", ""output"": ""warning\nalert\nsafe\nwarning\n\n""}, {""input"": ""4\n03:15\n06:11\n11:65\n04:21\n"", ""output"": ""alert\nsafe\nalert\nalert\n\n""}, {""input"": ""4\n11:15\n10:50\n11:54\n05:01\n"", ""output"": ""safe\nalert\nwarning\nsafe\n\n""}, {""input"": ""4\n11:14\n05:12\n11:54\n00:40\n"", ""output"": ""safe\nwarning\nwarning\nsafe\n\n""}, {""input"": ""4\n03:05\n05:11\n11:54\n10:50\n"", ""output"": ""warning\nwarning\nwarning\nalert\n\n""}, {""input"": ""4\n11:15\n05:01\n01:53\n05:01\n"", ""output"": ""safe\nsafe\nsafe\nsafe\n\n""}, {""input"": ""4\n02:25\n05:11\n11:54\n01:40\n"", ""output"": ""warning\nwarning\nwarning\nsafe\n\n""}, {""input"": ""4\n03:35\n00:61\n16:51\n10:14\n"", ""output"": ""safe\nalert\nsafe\nsafe\n\n""}, {""input"": ""4\n02:15\n00:50\n10:55\n14:11\n"", ""output"": ""alert\nwarning\nalert\nalert\n\n""}, {""input"": ""4\n02:15\n20:50\n01:54\n04:11\n"", ""output"": ""alert\nwarning\nsafe\nwarning\n\n""}, {""input"": ""4\n12:15\n10:50\n11:34\n04:01\n"", ""output"": ""warning\nalert\nsafe\nsafe\n\n""}, {""input"": ""4\n03:34\n06:11\n15:61\n10:41\n"", ""output"": ""safe\nsafe\nsafe\nwarning\n\n""}, {""input"": ""4\n11:15\n02:06\n00:64\n01:04\n"", ""output"": ""safe\nalert\nalert\nalert\n\n""}, {""input"": ""4\n02:15\n21:50\n01:54\n04:11\n"", ""output"": ""alert\nalert\nsafe\nwarning\n\n""}, {""input"": ""4\n10:26\n05:01\n12:44\n10:50\n"", ""output"": ""safe\nsafe\nsafe\nalert\n\n""}, {""input"": ""4\n10:26\n10:50\n11:44\n10:50\n"", ""output"": ""safe\nalert\nwarning\nalert\n\n""}, {""input"": ""4\n03:15\n06:01\n11:55\n10:40\n"", ""output"": ""alert\nsafe\nalert\nwarning\n\n""}, {""input"": ""4\n03:15\n06:11\n11:55\n10:40\n"", ""output"": ""alert\nsafe\nalert\nwarning\n\n""}, {""input"": ""4\n03:15\n06:11\n11:55\n10:41\n"", ""output"": ""alert\nsafe\nalert\nwarning\n\n""}, {""input"": ""4\n03:15\n06:11\n11:65\n10:41\n"", ""output"": ""alert\nsafe\nalert\nwarning\n\n""}, {""input"": ""4\n03:15\n06:11\n11:55\n00:40\n"", ""output"": ""alert\nsafe\nalert\nsafe\n\n""}, {""input"": ""4\n12:15\n05:01\n11:44\n10:40\n"", ""output"": ""warning\nsafe\nwarning\nwarning\n\n""}, {""input"": ""4\n03:15\n06:01\n11:55\n10:41\n"", ""output"": ""alert\nsafe\nalert\nwarning\n\n""}, {""input"": ""4\n02:15\n05:01\n11:55\n04:11\n"", ""output"": ""alert\nsafe\nalert\nwarning\n\n""}, {""input"": ""4\n12:05\n05:01\n11:44\n10:40\n"", ""output"": ""alert\nsafe\nwarning\nwarning\n\n""}, {""input"": ""4\n12:04\n05:01\n11:44\n00:41\n"", ""output"": ""alert\nsafe\nwarning\nsafe\n\n""}, {""input"": ""4\n02:15\n06:01\n11:55\n11:40\n"", ""output"": ""alert\nsafe\nalert\nsafe\n\n""}, {""input"": ""4\n02:16\n05:01\n11:55\n10:40\n"", ""output"": ""alert\nsafe\nalert\nwarning\n\n""}, {""input"": ""4\n03:25\n06:11\n11:65\n10:41\n"", ""output"": ""warning\nsafe\nalert\nwarning\n\n""}, {""input"": ""4\n02:15\n05:01\n11:55\n11:41\n"", ""output"": ""alert\nsafe\nalert\nsafe\n\n""}, {""input"": ""4\n03:15\n06:01\n11:45\n10:41\n"", ""output"": ""alert\nsafe\nwarning\nwarning\n\n""}, {""input"": ""4\n12:04\n05:01\n11:44\n01:41\n"", ""output"": ""alert\nsafe\nwarning\nsafe\n\n""}, {""input"": ""4\n02:16\n05:01\n11:55\n00:41\n"", ""output"": ""alert\nsafe\nalert\nsafe\n\n""}, {""input"": ""4\n02:15\n05:01\n01:55\n11:41\n"", ""output"": ""alert\nsafe\nwarning\nsafe\n\n""}, {""input"": ""4\n02:15\n06:01\n11:55\n04:01\n"", ""output"": ""alert\nsafe\nalert\nsafe\n\n""}, {""input"": ""4\n03:15\n06:11\n15:61\n10:41\n"", ""output"": ""alert\nsafe\nsafe\nwarning\n\n""}, {""input"": ""4\n02:15\n05:01\n11:54\n11:40\n"", ""output"": ""alert\nsafe\nwarning\nsafe\n\n""}, {""input"": ""4\n03:15\n06:11\n11:55\n04:00\n"", ""output"": ""alert\nsafe\nalert\nsafe\n\n""}, {""input"": ""4\n02:15\n05:02\n11:55\n04:11\n"", ""output"": ""alert\nsafe\nalert\nwarning\n\n""}, {""input"": ""4\n12:05\n10:50\n11:44\n10:40\n"", ""output"": ""alert\nalert\nwarning\nwarning\n\n""}, {""input"": ""4\n03:05\n05:11\n11:55\n10:41\n"", ""output"": ""warning\nwarning\nalert\nwarning\n\n""}, {""input"": ""4\n02:15\n05:01\n11:55\n11:31\n"", ""output"": ""alert\nsafe\nalert\nsafe\n\n""}, {""input"": ""4\n03:15\n01:60\n11:55\n00:40\n"", ""output"": ""alert\nwarning\nalert\nsafe\n\n""}, {""input"": ""4\n03:15\n06:01\n11:45\n11:40\n"", ""output"": ""alert\nsafe\nwarning\nsafe\n\n""}, {""input"": ""4\n12:04\n05:01\n12:44\n01:41\n"", ""output"": ""alert\nsafe\nsafe\nsafe\n\n""}, {""input"": ""4\n12:04\n01:50\n11:44\n01:41\n"", ""output"": ""alert\nsafe\nwarning\nsafe\n\n""}, {""input"": ""4\n11:15\n05:02\n11:54\n10:40\n"", ""output"": ""safe\nsafe\nwarning\nwarning\n\n""}, {""input"": ""4\n02:15\n05:02\n01:55\n04:11\n"", ""output"": ""alert\nsafe\nwarning\nwarning\n\n""}, {""input"": ""4\n02:15\n10:50\n11:55\n04:01\n"", ""output"": ""alert\nalert\nalert\nsafe\n\n""}, {""input"": ""4\n03:05\n04:11\n11:55\n10:41\n"", ""output"": ""warning\nwarning\nalert\nwarning\n\n""}, {""input"": ""4\n02:15\n06:01\n11:55\n10:40\n"", ""output"": ""alert\nsafe\nalert\nwarning\n""}, {""input"": ""4\n02:15\n06:01\n11:55\n10:40\n"", ""output"": ""alert\nsafe\nalert\nwarning\n""}]",102
p00446,"#include <stdio.h>
int main(){
	int i;
	char cards[201];
	int n;
	int k;
	int turn;
	int rem[2];
	
	while(1){
		scanf(""%d\n"",&n);
		if(!n)break;
		for(i=0;i<=200;i++){
			cards[i]=9;
		}
		for(i=1;i<=2*n;i++){
			cards[i]=1;
		}
		for(i=1;i<=n;i++){
			scanf(""%d\n"",&k);
			cards[k]=0;
		}
		//start
		turn=0;
		rem[0]=n;
		rem[1]=n;
		
//int l;for(l=1;l<=2*n;l++){printf(l==2*n?""%d\t"":""%d "",cards[l]);}printf(""%d %d\n"",rem[1],rem[0]);
		
		while(rem[0]>0&&rem[1]>0){
			for(i=1;i<=2*n;i++){
				if(cards[i]==turn){
					cards[i]=7+turn;
					rem[turn]--;
					if(!rem[0]||!rem[1])break;
//for(l=1;l<=2*n;l++){printf(l==2*n?""%d\t"":""%d "",cards[l]);}printf(""%d %d\n"",rem[1],rem[0]);
					turn=1-turn;
				}
			}
			turn=1-turn;
		}
		printf(""%d\n%d\n"",rem[1],rem[0]);
	}
	return 0;
}","[{""input"": ""5\n1\n7\n9\n6\n10\n10\n8\n7\n14\n18\n2\n11\n3\n17\n5\n19\n0\n"", ""output"": ""3\n0\n1\n0\n\n""}, {""input"": ""5\n1\n7\n9\n6\n5\n10\n8\n7\n14\n18\n4\n11\n6\n17\n5\n19\n0\n"", ""output"": ""1\n0\n1\n0\n\n""}, {""input"": ""5\n1\n7\n9\n6\n10\n10\n4\n7\n14\n18\n2\n11\n3\n17\n5\n19\n0\n"", ""output"": ""3\n0\n2\n0\n\n""}, {""input"": ""5\n1\n7\n9\n6\n5\n10\n8\n7\n13\n18\n1\n11\n6\n17\n5\n19\n0\n"", ""output"": ""1\n0\n2\n0\n\n""}, {""input"": ""5\n1\n7\n9\n6\n10\n10\n8\n7\n14\n18\n2\n11\n3\n1\n5\n19\n0\n"", ""output"": ""3\n0\n0\n2\n\n""}, {""input"": ""5\n1\n2\n9\n6\n10\n10\n8\n7\n14\n18\n4\n11\n6\n17\n5\n19\n0\n"", ""output"": ""2\n0\n1\n0\n\n""}, {""input"": ""5\n1\n7\n9\n6\n10\n10\n8\n7\n14\n18\n2\n17\n3\n1\n5\n19\n0\n"", ""output"": ""3\n0\n0\n1\n\n""}, {""input"": ""5\n2\n7\n9\n6\n8\n10\n8\n7\n14\n18\n2\n17\n3\n1\n5\n19\n0\n"", ""output"": ""2\n0\n0\n1\n\n""}, {""input"": ""5\n1\n7\n9\n6\n5\n10\n8\n7\n13\n18\n1\n11\n6\n16\n5\n19\n0\n"", ""output"": ""1\n0\n0\n1\n\n""}, {""input"": ""5\n1\n7\n9\n6\n4\n10\n10\n7\n13\n18\n1\n11\n12\n17\n5\n19\n0\n"", ""output"": ""0\n1\n2\n0\n\n""}, {""input"": ""5\n1\n7\n9\n6\n4\n10\n8\n7\n13\n18\n1\n11\n6\n16\n5\n19\n0\n"", ""output"": ""0\n1\n0\n1\n\n""}, {""input"": ""5\n1\n7\n9\n6\n4\n10\n10\n7\n13\n18\n1\n20\n12\n17\n5\n19\n0\n"", ""output"": ""0\n1\n4\n0\n\n""}, {""input"": ""5\n1\n7\n9\n6\n5\n10\n8\n7\n14\n18\n2\n11\n6\n1\n5\n19\n0\n"", ""output"": ""1\n0\n0\n2\n\n""}, {""input"": ""5\n1\n3\n9\n6\n10\n10\n8\n7\n14\n18\n4\n11\n6\n17\n5\n2\n0\n"", ""output"": ""2\n0\n0\n3\n\n""}, {""input"": ""5\n1\n7\n2\n6\n5\n10\n8\n7\n13\n18\n1\n11\n12\n17\n5\n19\n0\n"", ""output"": ""0\n2\n1\n0\n\n""}, {""input"": ""5\n1\n2\n9\n6\n10\n10\n16\n7\n14\n18\n4\n11\n6\n17\n5\n19\n0\n"", ""output"": ""2\n0\n2\n0\n\n""}, {""input"": ""5\n1\n7\n2\n6\n4\n10\n10\n7\n13\n18\n1\n20\n12\n17\n5\n19\n0\n"", ""output"": ""0\n2\n4\n0\n\n""}, {""input"": ""5\n1\n7\n9\n6\n4\n10\n8\n7\n13\n18\n2\n11\n6\n16\n1\n19\n0\n"", ""output"": ""0\n1\n1\n0\n\n""}, {""input"": ""5\n1\n2\n9\n6\n10\n10\n8\n7\n14\n18\n2\n11\n6\n1\n5\n19\n0\n"", ""output"": ""2\n0\n0\n2\n\n""}, {""input"": ""5\n1\n2\n9\n6\n10\n10\n16\n7\n14\n18\n4\n8\n6\n17\n5\n19\n0\n"", ""output"": ""2\n0\n3\n0\n\n""}, {""input"": ""5\n1\n2\n9\n8\n10\n10\n16\n7\n14\n18\n4\n8\n6\n17\n5\n19\n0\n"", ""output"": ""3\n0\n3\n0\n\n""}, {""input"": ""5\n1\n7\n9\n6\n5\n10\n8\n7\n13\n18\n4\n11\n6\n17\n5\n12\n0\n"", ""output"": ""1\n0\n0\n3\n\n""}, {""input"": ""5\n1\n7\n9\n6\n4\n0\n8\n7\n13\n18\n1\n11\n6\n16\n5\n19\n0\n"", ""output"": ""0\n1\n\n""}, {""input"": ""5\n1\n7\n9\n6\n10\n10\n8\n7\n1\n14\n4\n11\n3\n17\n5\n19\n0\n"", ""output"": ""3\n0\n0\n3\n\n""}, {""input"": ""5\n1\n7\n9\n6\n4\n10\n10\n7\n13\n3\n1\n20\n6\n17\n5\n19\n0\n"", ""output"": ""0\n1\n3\n0\n\n""}, {""input"": ""5\n1\n7\n2\n6\n5\n10\n8\n7\n13\n18\n1\n3\n4\n17\n5\n19\n0\n"", ""output"": ""0\n2\n0\n1\n\n""}, {""input"": ""5\n1\n7\n9\n3\n4\n10\n8\n7\n14\n18\n2\n11\n6\n4\n5\n19\n0\n"", ""output"": ""0\n1\n0\n2\n\n""}, {""input"": ""5\n1\n4\n9\n6\n10\n10\n8\n7\n14\n18\n4\n1\n9\n17\n5\n2\n0\n"", ""output"": ""2\n0\n0\n4\n\n""}, {""input"": ""5\n1\n7\n2\n6\n5\n10\n10\n7\n13\n18\n1\n11\n12\n17\n5\n19\n0\n"", ""output"": ""0\n2\n2\n0\n\n""}, {""input"": ""5\n1\n2\n9\n6\n10\n10\n8\n3\n14\n18\n4\n20\n10\n17\n5\n19\n0\n"", ""output"": ""2\n0\n4\n0\n\n""}, {""input"": ""5\n2\n7\n5\n6\n10\n10\n8\n7\n2\n18\n4\n11\n3\n20\n9\n19\n0\n"", ""output"": ""1\n0\n4\n0\n\n""}, {""input"": ""5\n1\n7\n9\n8\n10\n10\n8\n7\n13\n20\n4\n11\n6\n17\n5\n19\n0\n"", ""output"": ""4\n0\n1\n0\n\n""}, {""input"": ""5\n1\n8\n9\n6\n4\n10\n8\n7\n14\n6\n4\n11\n10\n1\n5\n19\n0\n"", ""output"": ""0\n1\n0\n4\n\n""}, {""input"": ""5\n1\n7\n9\n6\n5\n0\n8\n7\n13\n18\n1\n11\n6\n16\n5\n19\n1\n"", ""output"": ""1\n0\n\n""}, {""input"": ""5\n1\n7\n9\n6\n5\n10\n10\n7\n13\n18\n1\n11\n12\n17\n8\n19\n0\n"", ""output"": ""1\n0\n3\n0\n\n""}, {""input"": ""5\n1\n7\n2\n3\n4\n10\n10\n7\n13\n18\n1\n20\n12\n17\n5\n19\n0\n"", ""output"": ""0\n3\n4\n0\n\n""}, {""input"": ""5\n1\n5\n9\n6\n10\n10\n8\n7\n14\n18\n2\n11\n3\n1\n5\n6\n0\n"", ""output"": ""2\n0\n0\n5\n\n""}, {""input"": ""5\n1\n7\n9\n6\n3\n10\n2\n7\n13\n3\n1\n14\n12\n9\n5\n19\n0\n"", ""output"": ""0\n1\n0\n3\n\n""}, {""input"": ""5\n1\n7\n9\n2\n3\n10\n2\n7\n13\n3\n1\n14\n12\n9\n5\n19\n0\n"", ""output"": ""0\n2\n0\n3\n\n""}, {""input"": ""5\n1\n7\n4\n6\n3\n0\n16\n7\n13\n18\n1\n11\n6\n16\n6\n13\n0\n"", ""output"": ""0\n2\n\n""}, {""input"": ""5\n1\n7\n9\n2\n3\n10\n2\n4\n13\n3\n1\n14\n12\n9\n5\n19\n0\n"", ""output"": ""0\n2\n0\n4\n\n""}, {""input"": ""5\n2\n7\n9\n10\n8\n10\n8\n7\n14\n18\n2\n17\n3\n1\n5\n19\n0\n"", ""output"": ""4\n0\n0\n1\n\n""}, {""input"": ""5\n1\n7\n9\n6\n4\n10\n10\n9\n13\n18\n1\n20\n12\n17\n8\n19\n0\n"", ""output"": ""0\n1\n5\n0\n\n""}, {""input"": ""5\n1\n7\n9\n6\n10\n10\n8\n7\n14\n18\n4\n11\n6\n17\n5\n19\n0\n"", ""output"": ""3\n0\n1\n0\n\n""}, {""input"": ""5\n1\n7\n9\n6\n10\n10\n9\n7\n14\n18\n2\n11\n3\n17\n5\n19\n0\n"", ""output"": ""3\n0\n1\n0\n\n""}, {""input"": ""5\n1\n7\n9\n6\n5\n10\n8\n7\n13\n18\n4\n11\n6\n17\n5\n19\n0\n"", ""output"": ""1\n0\n1\n0\n\n""}, {""input"": ""5\n1\n7\n9\n6\n5\n10\n8\n7\n13\n18\n1\n11\n12\n17\n5\n19\n0\n"", ""output"": ""1\n0\n1\n0\n\n""}, {""input"": ""5\n1\n7\n9\n6\n5\n10\n10\n7\n13\n18\n1\n11\n12\n17\n5\n19\n0\n"", ""output"": ""1\n0\n2\n0\n\n""}, {""input"": ""5\n1\n7\n9\n6\n10\n10\n9\n7\n14\n18\n2\n1\n3\n17\n5\n19\n0\n"", ""output"": ""3\n0\n2\n0\n\n""}, {""input"": ""5\n2\n7\n9\n6\n10\n10\n8\n7\n14\n18\n2\n17\n3\n1\n5\n19\n0\n"", ""output"": ""3\n0\n0\n1\n\n""}, {""input"": ""5\n1\n7\n9\n6\n10\n10\n8\n7\n13\n18\n4\n11\n6\n17\n5\n19\n0\n"", ""output"": ""3\n0\n1\n0\n\n""}, {""input"": ""5\n1\n7\n9\n6\n5\n10\n8\n7\n14\n18\n4\n11\n10\n17\n5\n19\n0\n"", ""output"": ""1\n0\n2\n0\n\n""}, {""input"": ""5\n1\n7\n9\n6\n10\n10\n9\n12\n14\n18\n2\n11\n3\n17\n5\n19\n0\n"", ""output"": ""3\n0\n1\n0\n\n""}, {""input"": ""5\n1\n7\n9\n6\n5\n10\n8\n7\n6\n18\n1\n11\n12\n17\n5\n19\n0\n"", ""output"": ""1\n0\n2\n0\n\n""}, {""input"": ""5\n1\n7\n9\n6\n10\n10\n8\n7\n14\n18\n2\n11\n6\n1\n5\n19\n0\n"", ""output"": ""3\n0\n0\n2\n\n""}, {""input"": ""5\n1\n3\n9\n6\n10\n10\n8\n7\n14\n18\n4\n11\n6\n17\n5\n19\n0\n"", ""output"": ""2\n0\n1\n0\n\n""}, {""input"": ""5\n1\n7\n9\n6\n5\n10\n14\n7\n6\n18\n1\n11\n12\n17\n5\n19\n0\n"", ""output"": ""1\n0\n1\n0\n\n""}, {""input"": ""5\n1\n7\n9\n6\n4\n10\n8\n7\n13\n18\n2\n11\n6\n16\n5\n19\n0\n"", ""output"": ""0\n1\n0\n1\n\n""}, {""input"": ""5\n1\n7\n9\n6\n10\n10\n8\n7\n1\n18\n4\n11\n3\n17\n5\n19\n0\n"", ""output"": ""3\n0\n0\n1\n\n""}, {""input"": ""5\n1\n7\n9\n6\n8\n10\n8\n7\n14\n18\n4\n11\n6\n17\n5\n19\n0\n"", ""output"": ""2\n0\n1\n0\n\n""}, {""input"": ""5\n1\n7\n9\n6\n10\n10\n13\n7\n14\n18\n2\n11\n3\n17\n5\n19\n0\n"", ""output"": ""3\n0\n1\n0\n\n""}, {""input"": ""5\n2\n7\n9\n6\n5\n10\n8\n7\n13\n18\n4\n11\n6\n17\n5\n19\n0\n"", ""output"": ""1\n0\n1\n0\n\n""}, {""input"": ""5\n2\n7\n9\n6\n10\n10\n9\n7\n14\n18\n2\n1\n3\n17\n5\n19\n0\n"", ""output"": ""3\n0\n2\n0\n\n""}, {""input"": ""5\n1\n7\n9\n6\n4\n10\n8\n7\n14\n18\n4\n11\n10\n17\n5\n19\n0\n"", ""output"": ""0\n1\n2\n0\n\n""}, {""input"": ""5\n1\n7\n9\n6\n10\n10\n9\n12\n14\n18\n2\n11\n3\n17\n5\n13\n0\n"", ""output"": ""3\n0\n0\n2\n\n""}, {""input"": ""5\n1\n7\n9\n6\n5\n10\n8\n7\n6\n18\n1\n11\n12\n17\n5\n16\n0\n"", ""output"": ""1\n0\n0\n2\n\n""}, {""input"": ""5\n1\n3\n9\n6\n10\n10\n8\n7\n14\n18\n4\n11\n10\n17\n5\n19\n0\n"", ""output"": ""2\n0\n2\n0\n\n""}, {""input"": ""5\n1\n7\n5\n6\n10\n10\n8\n7\n1\n18\n4\n11\n3\n17\n5\n19\n0\n"", ""output"": ""1\n0\n0\n1\n\n""}, {""input"": ""5\n1\n2\n9\n6\n10\n10\n16\n9\n14\n18\n4\n11\n6\n17\n5\n19\n0\n"", ""output"": ""2\n0\n2\n0\n\n""}, {""input"": ""5\n2\n7\n5\n6\n10\n10\n8\n7\n1\n18\n4\n11\n3\n17\n5\n19\n0\n"", ""output"": ""1\n0\n0\n1\n\n""}, {""input"": ""5\n1\n7\n9\n6\n10\n10\n9\n7\n14\n18\n4\n11\n3\n17\n5\n19\n0\n"", ""output"": ""3\n0\n1\n0\n\n""}, {""input"": ""5\n1\n7\n9\n6\n10\n10\n8\n7\n14\n18\n2\n11\n3\n17\n5\n12\n0\n"", ""output"": ""3\n0\n0\n1\n\n""}, {""input"": ""5\n1\n7\n9\n6\n10\n10\n9\n8\n14\n18\n2\n11\n3\n17\n5\n19\n0\n"", ""output"": ""3\n0\n1\n0\n\n""}, {""input"": ""5\n1\n7\n9\n6\n5\n10\n2\n7\n13\n18\n1\n11\n12\n17\n5\n19\n0\n"", ""output"": ""1\n0\n1\n0\n\n""}, {""input"": ""5\n1\n7\n9\n6\n5\n10\n10\n7\n13\n18\n2\n11\n12\n17\n5\n19\n0\n"", ""output"": ""1\n0\n2\n0\n\n""}, {""input"": ""5\n1\n2\n9\n6\n10\n10\n8\n3\n14\n18\n4\n11\n6\n17\n5\n19\n0\n"", ""output"": ""2\n0\n2\n0\n\n""}, {""input"": ""5\n1\n7\n9\n6\n5\n10\n8\n7\n14\n20\n4\n11\n10\n17\n5\n19\n0\n"", ""output"": ""1\n0\n2\n0\n\n""}, {""input"": ""5\n1\n7\n9\n6\n10\n10\n9\n12\n7\n18\n2\n11\n3\n17\n5\n19\n0\n"", ""output"": ""3\n0\n1\n0\n\n""}, {""input"": ""5\n1\n7\n9\n6\n10\n10\n8\n7\n13\n18\n1\n11\n6\n16\n5\n19\n0\n"", ""output"": ""3\n0\n0\n1\n\n""}, {""input"": ""5\n1\n7\n9\n8\n5\n10\n8\n7\n6\n18\n1\n11\n12\n17\n5\n19\n0\n"", ""output"": ""1\n0\n2\n0\n\n""}, {""input"": ""5\n1\n3\n9\n6\n10\n10\n13\n7\n14\n18\n4\n11\n6\n17\n5\n19\n0\n"", ""output"": ""2\n0\n2\n0\n\n""}, {""input"": ""5\n1\n7\n9\n6\n4\n10\n10\n7\n13\n18\n1\n20\n6\n17\n5\n19\n0\n"", ""output"": ""0\n1\n4\n0\n\n""}, {""input"": ""5\n1\n7\n9\n3\n4\n10\n8\n7\n13\n18\n2\n11\n6\n16\n5\n19\n0\n"", ""output"": ""0\n1\n0\n1\n\n""}, {""input"": ""5\n1\n7\n2\n6\n5\n10\n8\n7\n13\n18\n1\n3\n12\n17\n5\n19\n0\n"", ""output"": ""0\n2\n1\n0\n\n""}, {""input"": ""5\n1\n7\n9\n6\n4\n10\n8\n7\n14\n18\n4\n11\n10\n1\n5\n19\n0\n"", ""output"": ""0\n1\n0\n1\n\n""}, {""input"": ""5\n1\n8\n5\n6\n10\n10\n8\n7\n1\n18\n4\n11\n3\n17\n5\n19\n0\n"", ""output"": ""2\n0\n0\n1\n\n""}, {""input"": ""5\n2\n7\n5\n6\n10\n10\n8\n7\n2\n18\n4\n11\n3\n17\n5\n19\n0\n"", ""output"": ""1\n0\n0\n1\n\n""}, {""input"": ""5\n1\n7\n9\n6\n4\n10\n9\n7\n14\n18\n4\n11\n3\n17\n5\n19\n0\n"", ""output"": ""0\n1\n1\n0\n\n""}, {""input"": ""5\n1\n7\n9\n6\n10\n10\n8\n7\n14\n15\n2\n11\n3\n17\n5\n12\n0\n"", ""output"": ""3\n0\n0\n2\n\n""}, {""input"": ""5\n1\n7\n9\n6\n5\n10\n2\n7\n13\n16\n1\n11\n12\n17\n5\n19\n0\n"", ""output"": ""1\n0\n1\n0\n\n""}, {""input"": ""5\n1\n2\n9\n6\n10\n10\n8\n3\n14\n18\n4\n11\n10\n17\n5\n19\n0\n"", ""output"": ""2\n0\n1\n0\n\n""}, {""input"": ""5\n1\n3\n9\n8\n5\n10\n8\n7\n6\n18\n1\n11\n12\n17\n5\n19\n0\n"", ""output"": ""0\n1\n2\n0\n\n""}, {""input"": ""5\n1\n7\n9\n3\n4\n10\n8\n7\n14\n18\n2\n11\n6\n16\n5\n19\n0\n"", ""output"": ""0\n1\n0\n1\n\n""}, {""input"": ""5\n1\n7\n9\n6\n4\n10\n9\n7\n14\n18\n8\n11\n3\n17\n5\n19\n0\n"", ""output"": ""0\n1\n1\n0\n\n""}, {""input"": ""5\n1\n7\n9\n6\n10\n10\n8\n7\n14\n15\n1\n11\n3\n17\n5\n12\n0\n"", ""output"": ""3\n0\n0\n2\n\n""}, {""input"": ""5\n2\n3\n9\n8\n5\n10\n8\n7\n6\n18\n1\n11\n12\n17\n5\n19\n0\n"", ""output"": ""0\n1\n2\n0\n\n""}, {""input"": ""5\n1\n7\n9\n6\n4\n10\n9\n7\n14\n18\n8\n4\n3\n17\n5\n19\n0\n"", ""output"": ""0\n1\n1\n0\n\n""}, {""input"": ""5\n1\n7\n9\n10\n4\n10\n9\n7\n14\n18\n8\n4\n3\n17\n5\n19\n0\n"", ""output"": ""2\n0\n1\n0\n\n""}, {""input"": ""5\n1\n7\n9\n10\n4\n10\n9\n7\n14\n18\n11\n4\n3\n17\n5\n19\n0\n"", ""output"": ""2\n0\n1\n0\n\n""}, {""input"": ""5\n1\n7\n9\n6\n10\n10\n8\n7\n14\n18\n4\n11\n6\n17\n10\n19\n0\n"", ""output"": ""3\n0\n2\n0\n\n""}, {""input"": ""5\n1\n7\n9\n6\n10\n10\n8\n7\n14\n18\n4\n11\n3\n17\n5\n19\n0\n"", ""output"": ""3\n0\n2\n0\n""}, {""input"": ""5\n1\n7\n9\n6\n10\n10\n8\n7\n14\n18\n4\n11\n3\n17\n5\n19\n0\n"", ""output"": ""3\n0\n2\n0\n""}]",102
p00204,"// Aizu 0204: UFO Shooting Down Operation
// 2017.9.11 bal4u@uu

#include <stdio.h>
#include <stdlib.h>
#include <math.h>

#define EPS 1e-7

typedef struct { double a, d; int r, v; char f; } T;
T ufo[103]; int n, m;

double equ2(double a, double b, double c)  // ax^2 + bx + c = 0
{
    double d = b*b - 4*a*c;     /* ????????? */
    double x1 = 0.0;            /* ?§£ */
    if (d > EPS || d >= 0) x1 = (-b + sqrt(d)) / (2*a);
    return x1;
}

int cmp(T *a, T *b)
{
    double x;
	if (b->f - a->f) return (int)(b->f - a->f);
	x = a->d - b->d;
    if (fabs(x) <= EPS) return 0;
    if (x <= 0) return -1; else return 1;
}

int hit(int k, double aa, double lim)
{
	double a, b, c;
	double d, r, x;

	b = fabs(ufo[k].a - aa), d = ufo[k].d, r = ufo[k].r;
	a = 1.0, b = -2.0*d*cos(b), c = d*d-r*r;
	x = equ2(a, b, c);
	if (fabs(x - lim) > EPS && x >= lim) return 1;
	return 0;
}

int main()
{
    int i, x, y, ans, t;
	double a, r;

	while (scanf(""%d%d"", &t, &n) && t) { r = t;
        for (ans = 0, m = n, i = 0; i < n; i++) {
            scanf(""%d%d%d%d"", &x, &y, &ufo[i].r, &ufo[i].v), ufo[i].f = 1;
            if (x == 0 && y == 0) ufo[i].f = 0, ans++, m--;
            ufo[i].a = atan2((double)y, (double)x);
            ufo[i].d = sqrt(x*x + y*y)-ufo[i].v;
        }
        while (m > 0) {
			qsort(ufo, n, sizeof(T), cmp);
			for (i = 0; i < n; i++) if (ufo[i].f) {
				if (fabs(ufo[i].d - r) <= EPS || ufo[i].d <= r) { ufo[i].f = 0, m--, ans++; continue; }
				ufo[i].f = 0, m--;	// fire
				a = ufo[i].a;
				break;
			}
			for (i = 0; i < n; i++) if (ufo[i].f) {
				if (hit(i, a, r)) ufo[i].f = 0, m--;
			}
			for (i = 0; i < n; i++) if (ufo[i].f) {
				ufo[i].d -= ufo[i].v; { if (ufo[i].d <= 0) ufo[i].f = 0, m--, ans++; }
			}
		}
		printf(""%d\n"", ans);
	}
	return 0;
}","[{""input"": ""100 5\n101 101 5 5\n110 110 2 3\n-112 -100 9 11\n-208 160 82 90\n-110 108 10 2\n10 11\n15 0 5 1\n25 0 5 1\n35 0 5 1\n45 0 5 1\n55 0 5 1\n65 0 5 1\n75 0 5 1\n85 0 5 1\n95 0 5 1\n-19 0 5 20\n-30 0 500 5\n0 0\n"", ""output"": ""1\n1\n\n""}, {""input"": ""100 5\n101 101 5 5\n110 110 2 3\n-112 -100 5 11\n-208 160 82 90\n-110 108 10 2\n10 11\n15 0 5 1\n25 0 5 1\n35 0 5 1\n45 0 5 1\n55 0 5 1\n65 0 5 1\n75 0 5 1\n85 0 5 1\n95 0 5 1\n-19 0 5 2\n-30 0 500 5\n0 0\n"", ""output"": ""1\n0\n\n""}, {""input"": ""100 5\n001 101 5 5\n110 110 2 3\n-112 -100 5 11\n-208 160 82 90\n-110 108 10 2\n10 11\n15 -1 5 1\n25 0 5 1\n35 0 5 1\n45 0 5 1\n55 0 5 1\n65 0 5 1\n75 0 5 1\n85 0 5 1\n95 0 5 1\n-19 0 5 20\n-30 0 500 5\n0 0\n"", ""output"": ""2\n1\n\n""}, {""input"": ""100 5\n111 101 5 5\n110 110 2 3\n-112 -100 5 11\n-208 63 82 90\n-110 108 10 2\n10 11\n15 -1 5 1\n25 0 5 1\n35 0 5 1\n65 0 5 1\n55 0 5 1\n65 0 5 1\n75 0 5 1\n85 0 5 1\n95 0 5 1\n-19 0 5 20\n-30 0 500 5\n0 0\n"", ""output"": ""0\n1\n\n""}, {""input"": ""100 5\n111 101 5 5\n110 110 2 3\n-112 -100 5 11\n-208 160 109 90\n-110 159 10 2\n20 11\n15 -1 5 2\n25 0 5 1\n35 0 5 1\n118 0 5 1\n55 0 5 1\n65 0 5 1\n149 0 5 1\n85 0 5 1\n95 0 5 1\n-19 -1 5 20\n-30 1 500 5\n0 0\n"", ""output"": ""1\n2\n\n""}, {""input"": ""100 5\n111 101 5 5\n110 110 2 3\n-112 -100 5 11\n-208 63 82 90\n-110 108 10 2\n10 11\n15 -1 5 1\n25 0 5 1\n35 0 5 1\n8 0 5 1\n55 0 5 1\n32 1 5 1\n75 0 5 1\n85 0 5 1\n95 0 5 1\n-19 0 5 20\n-30 0 500 5\n0 0\n"", ""output"": ""0\n2\n\n""}, {""input"": ""100 5\n101 111 5 5\n110 110 2 3\n-112 -100 9 11\n-208 160 82 102\n-110 108 9 2\n10 11\n10 0 5 1\n11 0 5 1\n35 -1 5 1\n45 0 5 1\n55 0 5 0\n65 0 5 1\n75 0 5 1\n85 1 5 1\n36 0 5 0\n-20 0 5 20\n-30 0 500 5\n0 0\n"", ""output"": ""1\n3\n\n""}, {""input"": ""100 5\n101 111 9 5\n110 110 2 3\n-112 -100 9 11\n-208 116 82 102\n-110 108 10 2\n10 11\n21 0 5 1\n25 0 5 1\n35 -1 5 2\n21 0 10 1\n55 0 5 1\n65 -1 5 1\n75 0 5 0\n85 -1 5 1\n36 0 5 0\n-20 0 5 5\n-47 0 107 5\n0 0\n"", ""output"": ""0\n0\n\n""}, {""input"": ""110 5\n111 101 5 5\n110 110 2 3\n-112 -100 10 11\n-208 160 82 145\n-110 159 8 2\n17 11\n15 -1 5 1\n25 0 0 1\n35 0 5 1\n65 0 5 1\n55 0 3 2\n65 0 5 1\n1 0 3 1\n85 0 5 1\n95 0 5 1\n-19 0 5 20\n-30 0 500 5\n0 0\n"", ""output"": ""0\n3\n\n""}, {""input"": ""110 5\n111 101 5 5\n110 110 2 3\n-112 -100 5 11\n-208 160 109 90\n-110 159 10 3\n26 11\n15 -1 5 2\n25 0 5 1\n35 0 5 1\n118 0 5 1\n55 0 5 1\n65 0 5 1\n149 -1 5 1\n169 0 1 1\n90 0 5 1\n-19 -1 5 20\n-30 0 500 5\n0 0\n"", ""output"": ""1\n4\n\n""}, {""input"": ""100 5\n010 101 5 5\n110 111 2 2\n-112 -106 5 11\n-208 160 109 172\n-110 159 10 2\n10 11\n15 -1 5 2\n25 0 2 0\n55 1 5 1\n65 0 5 1\n55 0 5 1\n65 0 5 1\n83 0 5 1\n85 -1 6 1\n95 0 5 1\n-16 -1 5 20\n-6 1 500 0\n0 0\n"", ""output"": ""2\n2\n\n""}, {""input"": ""010 5\n111 101 5 5\n110 110 2 3\n-112 -100 5 11\n-208 160 109 90\n-110 159 10 3\n26 11\n15 0 5 2\n25 0 5 1\n35 0 5 1\n118 0 5 1\n55 0 5 1\n65 0 5 1\n149 -1 5 1\n169 0 1 1\n90 0 5 1\n-1 -1 5 20\n-30 0 500 5\n0 0\n"", ""output"": ""0\n4\n\n""}, {""input"": ""100 5\n101 001 3 7\n110 100 3 3\n-82 -30 6 11\n-197 155 82 90\n-110 164 10 0\n10 11\n15 1 5 1\n9 1 5 1\n35 0 5 0\n45 0 1 1\n55 0 5 2\n65 -1 5 -1\n75 0 5 1\n85 0 5 1\n98 0 5 1\n-19 0 5 20\n-30 0 500 5\n0 0\n"", ""output"": ""3\n2\n\n""}, {""input"": ""101 5\n011 101 5 5\n110 111 3 2\n-112 -31 5 21\n-394 160 109 172\n-110 159 10 0\n10 11\n22 -1 5 2\n38 0 2 1\n55 0 5 1\n65 0 5 1\n3 0 5 1\n65 0 3 1\n83 0 5 1\n85 -1 6 1\n95 0 5 1\n-16 -1 5 17\n-6 1 500 0\n0 0\n"", ""output"": ""3\n3\n\n""}, {""input"": ""100 5\n111 000 5 3\n001 100 4 4\n-204 -32 5 14\n-281 63 82 128\n-110 108 10 0\n6 11\n20 -1 5 1\n49 0 8 0\n35 -1 5 2\n8 0 0 2\n53 0 5 2\n101 0 5 1\n319 1 5 2\n228 0 10 8\n95 0 4 1\n-19 1 1 54\n-3 0 500 0\n0 0\n"", ""output"": ""2\n3\n\n""}, {""input"": ""100 5\n101 101 5 5\n110 110 2 3\n-112 -100 5 11\n-208 160 82 90\n-110 108 10 2\n10 11\n15 0 5 1\n25 0 5 1\n35 0 5 1\n45 0 5 1\n55 0 5 1\n65 0 5 1\n75 0 5 1\n85 0 5 1\n95 0 5 1\n-19 0 5 20\n-30 0 500 5\n0 0\n"", ""output"": ""1\n1\n\n""}, {""input"": ""100 5\n101 101 5 5\n110 110 2 3\n-112 -100 5 11\n-208 160 82 90\n-110 108 10 2\n10 11\n15 -1 5 1\n25 0 5 1\n35 0 5 1\n45 0 5 1\n55 0 5 1\n65 0 5 1\n75 0 5 1\n85 0 5 1\n95 0 5 1\n-19 0 5 20\n-30 0 500 5\n0 0\n"", ""output"": ""1\n1\n\n""}, {""input"": ""100 5\n101 101 5 5\n110 110 2 3\n-112 -100 5 11\n-208 160 82 90\n-110 108 10 2\n10 11\n15 -1 5 1\n25 0 5 1\n35 0 5 1\n15 0 5 1\n55 0 5 1\n65 0 5 1\n75 0 5 1\n85 0 5 1\n95 0 5 1\n-19 0 5 20\n-30 0 500 5\n0 0\n"", ""output"": ""1\n1\n\n""}, {""input"": ""100 5\n101 101 5 5\n110 110 2 3\n-112 -100 9 11\n-208 160 82 90\n-110 108 10 2\n10 11\n15 0 5 1\n25 0 5 1\n35 0 5 1\n45 0 5 1\n55 0 5 1\n65 0 5 1\n75 0 5 1\n85 0 5 1\n36 0 5 1\n-20 0 5 20\n-30 0 500 5\n0 0\n"", ""output"": ""1\n1\n\n""}, {""input"": ""100 5\n101 101 5 5\n110 110 2 3\n-112 -100 9 11\n-208 160 82 90\n-110 108 10 2\n10 11\n15 0 5 1\n25 0 5 1\n35 0 5 1\n45 0 5 1\n55 0 5 1\n65 0 5 1\n75 0 5 1\n85 0 5 1\n95 0 5 1\n-12 0 5 20\n-30 0 500 5\n0 0\n"", ""output"": ""1\n1\n\n""}, {""input"": ""100 5\n101 101 5 5\n110 110 2 3\n-112 -30 5 11\n-208 160 82 90\n-110 108 10 2\n10 11\n15 0 5 1\n25 0 5 1\n35 0 5 1\n45 0 5 1\n55 0 5 1\n65 0 5 1\n75 0 5 1\n85 0 5 1\n95 0 5 1\n-19 0 5 20\n-30 0 500 5\n0 0\n"", ""output"": ""1\n1\n\n""}, {""input"": ""100 5\n101 101 5 5\n110 110 2 3\n-112 -100 5 11\n-208 160 82 90\n-110 108 10 2\n10 11\n15 -1 5 1\n25 0 5 1\n35 0 5 1\n65 0 5 1\n55 0 5 1\n65 0 5 1\n75 0 5 1\n85 0 5 1\n95 0 5 1\n-19 0 5 20\n-30 0 500 5\n0 0\n"", ""output"": ""1\n1\n\n""}, {""input"": ""100 5\n101 101 5 5\n110 110 2 3\n-112 -100 5 7\n-208 160 82 90\n-110 108 10 2\n10 11\n15 -1 5 1\n25 0 5 1\n35 0 5 1\n15 0 5 1\n55 0 5 1\n65 0 5 1\n75 0 5 1\n85 0 5 1\n95 0 5 1\n-19 0 5 20\n-30 0 500 5\n0 0\n"", ""output"": ""1\n1\n\n""}, {""input"": ""100 5\n101 101 5 5\n110 110 2 3\n-112 -100 9 11\n-208 160 82 90\n-110 108 10 2\n10 11\n15 0 5 1\n25 0 5 1\n35 -1 5 1\n45 0 5 1\n55 0 5 1\n65 0 5 1\n75 0 5 1\n85 0 5 1\n36 0 5 1\n-20 0 5 20\n-30 0 500 5\n0 0\n"", ""output"": ""1\n1\n\n""}, {""input"": ""100 5\n101 101 5 5\n110 110 2 3\n-112 -30 5 11\n-208 160 82 90\n-110 108 10 2\n10 11\n15 0 5 1\n25 0 5 1\n35 0 5 1\n45 0 5 1\n55 0 5 2\n65 0 5 1\n75 0 5 1\n85 0 5 1\n95 0 5 1\n-19 0 5 20\n-30 0 500 5\n0 0\n"", ""output"": ""1\n1\n\n""}, {""input"": ""100 5\n111 101 5 5\n110 110 2 3\n-112 -100 5 11\n-208 160 82 90\n-110 108 10 2\n10 11\n15 -1 5 1\n25 0 5 1\n35 0 5 1\n65 0 5 1\n55 0 5 1\n65 0 5 1\n75 0 5 1\n85 0 5 1\n95 0 5 1\n-19 0 5 20\n-30 0 500 5\n0 0\n"", ""output"": ""1\n1\n\n""}, {""input"": ""100 5\n101 111 5 5\n110 110 2 3\n-112 -100 9 11\n-208 160 82 90\n-110 108 10 2\n10 11\n15 0 5 1\n25 0 5 1\n35 -1 5 1\n45 0 5 1\n55 0 5 1\n65 0 5 1\n75 0 5 1\n85 0 5 1\n36 0 5 1\n-20 0 5 20\n-30 0 500 5\n0 0\n"", ""output"": ""1\n1\n\n""}, {""input"": ""100 5\n101 101 5 5\n110 110 3 3\n-112 -30 5 11\n-208 160 82 90\n-110 108 10 2\n10 11\n15 0 5 1\n25 0 5 1\n35 0 5 1\n45 0 5 1\n55 0 5 2\n65 0 5 1\n75 0 5 1\n85 0 5 1\n95 0 5 1\n-19 0 5 20\n-30 0 500 5\n0 0\n"", ""output"": ""1\n1\n\n""}, {""input"": ""100 5\n111 101 5 5\n110 110 2 3\n-112 -100 5 11\n-208 160 82 90\n-110 159 10 2\n10 11\n15 -1 5 1\n25 0 5 1\n35 0 5 1\n65 0 5 1\n55 0 5 1\n65 0 5 1\n75 0 5 1\n85 0 5 1\n95 0 5 1\n-19 0 5 20\n-30 0 500 5\n0 0\n"", ""output"": ""1\n1\n\n""}, {""input"": ""100 5\n101 111 5 5\n110 110 2 3\n-112 -100 9 11\n-208 160 82 90\n-110 108 10 2\n10 11\n15 0 5 1\n25 0 5 1\n35 -1 5 1\n45 0 5 1\n55 0 5 1\n65 0 5 1\n75 0 5 1\n85 0 5 1\n36 0 5 0\n-20 0 5 20\n-30 0 500 5\n0 0\n"", ""output"": ""1\n1\n\n""}, {""input"": ""100 5\n101 101 5 5\n110 110 3 3\n-112 -30 5 11\n-208 160 82 90\n-110 108 10 2\n10 11\n15 0 5 1\n25 0 5 1\n35 0 5 2\n45 0 5 1\n55 0 5 2\n65 0 5 1\n75 0 5 1\n85 0 5 1\n95 0 5 1\n-19 0 5 20\n-30 0 500 5\n0 0\n"", ""output"": ""1\n1\n\n""}, {""input"": ""100 5\n111 101 5 5\n110 110 2 3\n-112 -100 5 11\n-208 160 82 90\n-110 159 10 2\n10 11\n15 -1 5 1\n25 0 5 1\n35 0 5 1\n65 0 5 1\n55 0 5 1\n65 0 5 1\n83 0 5 1\n85 0 5 1\n95 0 5 1\n-19 0 5 20\n-30 0 500 5\n0 0\n"", ""output"": ""1\n1\n\n""}, {""input"": ""100 5\n101 111 5 5\n110 110 2 3\n-112 -100 9 11\n-208 160 82 102\n-110 108 10 2\n10 11\n15 0 5 1\n25 0 5 1\n35 -1 5 1\n45 0 5 1\n55 0 5 1\n65 0 5 1\n75 0 5 1\n85 0 5 1\n36 0 5 0\n-20 0 5 20\n-30 0 500 5\n0 0\n"", ""output"": ""1\n1\n\n""}, {""input"": ""100 5\n111 101 5 5\n110 110 2 3\n-112 -100 5 11\n-208 160 112 90\n-110 159 10 2\n10 11\n15 -1 5 1\n25 0 5 1\n35 0 5 1\n65 0 5 1\n55 0 5 1\n65 0 5 1\n83 0 5 1\n85 0 5 1\n95 0 5 1\n-19 0 5 20\n-30 0 500 5\n0 0\n"", ""output"": ""1\n1\n\n""}, {""input"": ""100 5\n101 111 5 5\n110 110 2 3\n-112 -100 9 11\n-208 160 82 102\n-110 108 10 2\n10 11\n15 0 5 1\n25 0 5 1\n35 -1 5 1\n45 0 10 1\n55 0 5 1\n65 0 5 1\n75 0 5 1\n85 0 5 1\n36 0 5 0\n-20 0 5 20\n-30 0 500 5\n0 0\n"", ""output"": ""1\n1\n\n""}, {""input"": ""100 5\n111 101 5 5\n110 110 2 3\n-112 -100 5 11\n-208 160 109 90\n-110 159 10 2\n10 11\n15 -1 5 1\n25 0 5 1\n35 0 5 1\n65 0 5 1\n55 0 5 1\n65 0 5 1\n83 0 5 1\n85 0 5 1\n95 0 5 1\n-19 0 5 20\n-30 0 500 5\n0 0\n"", ""output"": ""1\n1\n\n""}, {""input"": ""100 5\n101 111 5 5\n110 110 2 3\n-112 -100 9 11\n-208 160 82 102\n-110 108 10 2\n10 11\n15 0 5 1\n25 0 5 1\n35 -1 5 2\n45 0 10 1\n55 0 5 1\n65 0 5 1\n75 0 5 1\n85 0 5 1\n36 0 5 0\n-20 0 5 20\n-30 0 500 5\n0 0\n"", ""output"": ""1\n1\n\n""}, {""input"": ""100 5\n111 101 5 5\n110 110 2 3\n-112 -100 5 11\n-208 160 109 90\n-110 159 10 2\n10 11\n15 -1 5 2\n25 0 5 1\n35 0 5 1\n65 0 5 1\n55 0 5 1\n65 0 5 1\n83 0 5 1\n85 0 5 1\n95 0 5 1\n-19 0 5 20\n-30 0 500 5\n0 0\n"", ""output"": ""1\n1\n\n""}, {""input"": ""100 5\n101 111 5 5\n110 110 2 3\n-112 -100 9 11\n-208 160 82 102\n-110 108 10 2\n10 11\n15 0 5 1\n25 0 5 1\n35 -1 5 2\n45 0 10 1\n55 0 5 1\n65 0 5 1\n75 0 5 1\n85 0 5 1\n36 0 5 0\n-20 0 5 20\n-30 0 107 5\n0 0\n"", ""output"": ""1\n1\n\n""}, {""input"": ""100 5\n111 101 5 5\n110 110 2 3\n-112 -100 5 11\n-208 160 109 90\n-110 159 10 2\n10 11\n15 -1 5 2\n25 0 5 1\n35 0 5 1\n65 0 5 1\n55 0 5 1\n65 0 5 1\n83 0 5 1\n85 0 5 1\n95 0 5 1\n-19 0 5 20\n-30 1 500 5\n0 0\n"", ""output"": ""1\n1\n\n""}, {""input"": ""100 5\n101 111 5 5\n110 110 2 3\n-112 -100 9 11\n-208 160 82 102\n-110 108 10 2\n10 11\n15 0 5 1\n25 0 5 1\n35 -1 5 2\n45 0 10 1\n55 0 5 1\n65 0 5 1\n75 0 5 0\n85 0 5 1\n36 0 5 0\n-20 0 5 20\n-30 0 107 5\n0 0\n"", ""output"": ""1\n1\n\n""}, {""input"": ""100 5\n111 101 5 5\n110 110 2 3\n-112 -100 5 11\n-208 160 109 90\n-110 159 10 2\n10 11\n15 -1 5 2\n25 0 5 1\n35 0 5 1\n65 0 5 1\n55 0 5 1\n65 0 5 1\n83 0 5 1\n85 0 5 1\n95 0 5 1\n-19 -1 5 20\n-30 1 500 5\n0 0\n"", ""output"": ""1\n1\n\n""}, {""input"": ""100 5\n110 101 5 5\n110 110 2 3\n-112 -100 5 11\n-208 160 109 90\n-110 159 10 2\n10 11\n15 -1 5 2\n25 0 5 1\n35 0 5 1\n65 0 5 1\n55 0 5 1\n65 0 5 1\n83 0 5 1\n85 0 5 1\n95 0 5 1\n-19 -1 5 20\n-30 1 500 5\n0 0\n"", ""output"": ""1\n1\n\n""}, {""input"": ""100 5\n110 101 5 5\n110 110 2 3\n-112 -100 5 11\n-208 160 109 90\n-110 159 10 2\n10 11\n15 -1 5 2\n25 0 5 1\n35 0 5 1\n65 0 5 1\n55 0 5 1\n65 0 5 1\n83 0 5 1\n85 -1 5 1\n95 0 5 1\n-19 -1 5 20\n-30 1 500 5\n0 0\n"", ""output"": ""1\n1\n\n""}, {""input"": ""100 5\n110 101 5 5\n110 110 2 3\n-112 -100 5 11\n-208 160 109 90\n-110 159 10 2\n10 11\n15 -1 5 0\n25 0 5 1\n35 0 5 1\n65 0 5 1\n55 0 5 1\n65 0 5 1\n83 0 5 1\n85 -1 5 1\n95 0 5 1\n-19 -1 5 20\n-30 1 500 5\n0 0\n"", ""output"": ""1\n1\n\n""}, {""input"": ""100 5\n101 101 5 5\n110 110 2 3\n-112 -100 9 11\n-208 160 82 90\n-110 108 10 2\n10 11\n15 0 5 1\n25 0 5 1\n35 0 5 1\n52 0 5 1\n55 0 5 1\n65 0 5 1\n75 0 5 1\n85 0 5 1\n95 0 5 1\n-19 0 5 20\n-30 0 500 5\n0 0\n"", ""output"": ""1\n1\n\n""}, {""input"": ""100 5\n101 101 5 5\n110 110 2 3\n-112 -100 5 11\n-208 160 82 90\n-110 108 10 2\n10 11\n15 -1 5 1\n25 0 5 1\n35 0 5 1\n15 0 5 1\n55 0 5 1\n65 0 5 1\n80 0 5 1\n85 0 5 1\n95 0 5 1\n-19 0 5 20\n-30 0 500 5\n0 0\n"", ""output"": ""1\n1\n\n""}, {""input"": ""100 5\n101 101 5 5\n110 110 2 3\n-112 -100 9 11\n-208 160 82 90\n-110 108 10 2\n10 11\n15 0 5 1\n25 0 5 1\n35 0 5 1\n45 0 5 1\n55 0 5 1\n65 0 5 1\n75 0 5 1\n85 0 10 1\n36 0 5 1\n-20 0 5 20\n-30 0 500 5\n0 0\n"", ""output"": ""1\n1\n\n""}, {""input"": ""100 5\n101 101 5 5\n110 110 2 3\n-112 -100 9 11\n-208 160 82 90\n-110 108 10 2\n10 11\n15 0 5 1\n25 0 5 1\n35 0 5 1\n45 0 5 1\n55 0 5 1\n65 0 5 1\n75 0 5 1\n85 0 5 1\n95 0 5 1\n-4 0 5 20\n-30 0 500 5\n0 0\n"", ""output"": ""1\n1\n\n""}, {""input"": ""100 5\n101 101 5 5\n110 110 2 3\n-112 -30 5 11\n-208 160 82 90\n-110 108 10 2\n10 11\n15 0 5 1\n25 0 5 1\n35 0 5 1\n45 0 5 1\n55 0 3 1\n65 0 5 1\n75 0 5 1\n85 0 5 1\n95 0 5 1\n-19 0 5 20\n-30 0 500 5\n0 0\n"", ""output"": ""1\n1\n\n""}, {""input"": ""100 5\n101 101 5 5\n110 110 2 3\n-112 -100 5 11\n-208 160 82 90\n-110 108 10 2\n10 11\n15 -1 5 1\n25 0 5 1\n35 0 5 1\n65 0 5 1\n55 1 5 1\n65 0 5 1\n75 0 5 1\n85 0 5 1\n95 0 5 1\n-19 0 5 20\n-30 0 500 5\n0 0\n"", ""output"": ""1\n1\n\n""}, {""input"": ""100 5\n101 101 5 5\n110 110 2 3\n-112 -100 5 7\n-208 160 82 90\n-110 108 10 2\n10 11\n15 -1 5 1\n25 0 5 1\n35 0 5 1\n15 -1 5 1\n55 0 5 1\n65 0 5 1\n75 0 5 1\n85 0 5 1\n95 0 5 1\n-19 0 5 20\n-30 0 500 5\n0 0\n"", ""output"": ""1\n1\n\n""}, {""input"": ""100 5\n101 101 5 5\n110 110 2 3\n-112 -100 9 11\n-208 160 82 90\n-110 108 10 2\n10 11\n15 0 5 1\n25 0 5 0\n35 -1 5 1\n45 0 5 1\n55 0 5 1\n65 0 5 1\n75 0 5 1\n85 0 5 1\n36 0 5 1\n-20 0 5 20\n-30 0 500 5\n0 0\n"", ""output"": ""1\n1\n\n""}, {""input"": ""100 5\n101 111 5 5\n110 110 2 3\n-112 -100 9 11\n-208 160 82 90\n-110 108 10 2\n10 11\n15 0 5 1\n25 0 5 1\n35 -1 5 1\n53 0 5 1\n55 0 5 1\n65 0 5 1\n75 0 5 1\n85 0 5 1\n36 0 5 1\n-20 0 5 20\n-30 0 500 5\n0 0\n"", ""output"": ""1\n1\n\n""}, {""input"": ""100 5\n101 101 5 5\n110 110 3 3\n-112 -30 5 11\n-208 160 82 90\n-110 108 10 2\n10 11\n15 0 5 1\n25 0 5 1\n35 0 5 1\n45 0 5 1\n55 0 5 2\n65 0 5 1\n81 0 5 1\n85 0 5 1\n95 0 5 1\n-19 0 5 20\n-30 0 500 5\n0 0\n"", ""output"": ""1\n1\n\n""}, {""input"": ""100 5\n111 101 5 5\n110 110 2 3\n-112 -100 5 11\n-208 293 82 90\n-110 159 10 2\n10 11\n15 -1 5 1\n25 0 5 1\n35 0 5 1\n65 0 5 1\n55 0 5 1\n65 0 5 1\n75 0 5 1\n85 0 5 1\n95 0 5 1\n-19 0 5 20\n-30 0 500 5\n0 0\n"", ""output"": ""1\n1\n\n""}, {""input"": ""100 5\n101 111 5 5\n110 110 2 3\n-112 -100 9 11\n-208 160 82 90\n-110 108 14 2\n10 11\n15 0 5 1\n25 0 5 1\n35 -1 5 1\n45 0 5 1\n55 0 5 1\n65 0 5 1\n75 0 5 1\n85 0 5 1\n36 0 5 0\n-20 0 5 20\n-30 0 500 5\n0 0\n"", ""output"": ""1\n1\n\n""}, {""input"": ""100 5\n101 101 5 5\n110 110 3 3\n-112 -30 5 11\n-208 160 82 90\n-110 108 10 2\n10 11\n15 0 5 1\n25 0 5 1\n35 0 5 2\n45 0 5 1\n55 0 5 2\n65 -1 5 1\n75 0 5 1\n85 0 5 1\n95 0 5 1\n-19 0 5 20\n-30 0 500 5\n0 0\n"", ""output"": ""1\n1\n\n""}, {""input"": ""100 5\n111 101 5 5\n110 110 2 3\n-112 -100 5 11\n-208 160 82 90\n-110 159 10 2\n10 11\n15 -1 5 1\n25 0 5 1\n35 0 5 1\n65 0 5 1\n55 0 5 2\n65 0 5 1\n83 0 5 1\n85 0 5 1\n95 0 5 1\n-19 0 5 20\n-30 0 500 5\n0 0\n"", ""output"": ""1\n1\n\n""}, {""input"": ""100 5\n101 111 5 5\n110 110 2 3\n-112 -100 9 11\n-208 160 82 102\n-110 108 10 2\n10 11\n15 0 5 1\n25 0 5 1\n35 -1 5 1\n45 0 5 1\n55 0 5 0\n65 0 5 1\n75 0 5 1\n85 0 5 1\n36 0 5 0\n-20 0 5 20\n-30 0 500 5\n0 0\n"", ""output"": ""1\n1\n\n""}, {""input"": ""100 5\n111 101 5 5\n110 110 2 3\n-112 -100 5 11\n-208 160 112 90\n-110 159 10 2\n10 11\n15 -2 5 1\n25 0 5 1\n35 0 5 1\n65 0 5 1\n55 0 5 1\n65 0 5 1\n83 0 5 1\n85 0 5 1\n95 0 5 1\n-19 0 5 20\n-30 0 500 5\n0 0\n"", ""output"": ""1\n1\n\n""}, {""input"": ""100 5\n101 111 5 5\n110 110 2 3\n-112 -100 9 11\n-208 160 82 102\n-110 108 10 2\n10 11\n15 0 5 1\n25 0 5 1\n35 -1 5 1\n45 0 10 1\n55 0 5 1\n65 0 4 1\n75 0 5 1\n85 0 5 1\n36 0 5 0\n-20 0 5 20\n-30 0 500 5\n0 0\n"", ""output"": ""1\n1\n\n""}, {""input"": ""100 5\n111 101 5 5\n110 110 2 3\n-112 -100 5 11\n-208 160 109 90\n-110 159 10 2\n10 11\n15 -1 5 1\n25 0 5 1\n56 0 5 1\n65 0 5 1\n55 0 5 1\n65 0 5 1\n83 0 5 1\n85 0 5 1\n95 0 5 1\n-19 0 5 20\n-30 0 500 5\n0 0\n"", ""output"": ""1\n1\n\n""}, {""input"": ""100 5\n101 111 5 5\n110 110 2 3\n-112 -100 9 11\n-208 160 82 102\n-110 108 10 2\n10 11\n15 0 5 1\n25 0 5 1\n35 -1 5 2\n45 0 10 1\n55 0 5 1\n65 0 0 1\n75 0 5 1\n85 0 5 1\n36 0 5 0\n-20 0 5 20\n-30 0 500 5\n0 0\n"", ""output"": ""1\n1\n\n""}, {""input"": ""100 5\n111 101 5 5\n110 110 0 3\n-112 -100 5 11\n-208 160 109 90\n-110 159 10 2\n10 11\n15 -1 5 2\n25 0 5 1\n35 0 5 1\n65 0 5 1\n55 0 5 1\n65 0 5 1\n83 0 5 1\n85 0 5 1\n95 0 5 1\n-19 0 5 20\n-30 0 500 5\n0 0\n"", ""output"": ""1\n1\n\n""}, {""input"": ""100 5\n101 111 5 5\n110 110 2 3\n-112 -100 9 11\n-208 160 82 102\n-110 108 10 2\n10 11\n15 0 5 1\n25 0 5 1\n35 -1 5 2\n45 0 10 1\n55 0 5 1\n65 0 5 1\n30 0 5 1\n85 0 5 1\n36 0 5 0\n-20 0 5 20\n-30 0 107 5\n0 0\n"", ""output"": ""1\n1\n\n""}, {""input"": ""100 5\n101 111 5 5\n110 110 2 3\n-112 -100 9 11\n-208 160 82 102\n-110 108 10 2\n10 11\n15 0 5 1\n25 0 5 1\n35 -1 5 2\n21 0 10 1\n55 0 5 1\n65 0 5 1\n75 0 5 0\n85 0 5 1\n36 0 5 0\n-20 0 5 20\n-30 0 107 5\n0 0\n"", ""output"": ""1\n1\n\n""}, {""input"": ""100 5\n111 101 5 5\n110 110 2 3\n-112 -100 5 11\n-208 160 109 90\n-110 159 10 2\n10 11\n15 -1 5 2\n25 0 5 1\n35 0 5 1\n118 0 5 1\n55 0 5 1\n65 0 5 1\n83 0 5 1\n85 0 5 1\n95 0 5 1\n-19 -1 5 20\n-30 1 500 5\n0 0\n"", ""output"": ""1\n1\n\n""}, {""input"": ""100 5\n110 101 5 5\n110 110 2 3\n-112 -100 5 11\n-208 160 109 90\n-110 159 10 2\n10 11\n15 -1 5 2\n25 0 5 1\n35 0 6 1\n65 0 5 1\n55 0 5 1\n65 0 5 1\n83 0 5 1\n85 0 5 1\n95 0 5 1\n-19 -1 5 20\n-30 1 500 5\n0 0\n"", ""output"": ""1\n1\n\n""}, {""input"": ""100 5\n010 101 5 5\n110 110 2 3\n-112 -100 5 11\n-208 160 109 90\n-110 159 10 2\n10 11\n15 -1 5 2\n25 0 5 1\n35 0 5 1\n65 0 5 1\n55 0 5 1\n65 0 5 1\n83 0 5 1\n85 -1 5 1\n95 0 5 1\n-19 -1 5 20\n-30 1 500 5\n0 0\n"", ""output"": ""2\n1\n\n""}, {""input"": ""100 5\n110 101 5 5\n110 110 2 3\n-112 -100 5 11\n-208 160 109 90\n-110 159 10 2\n10 11\n15 -1 5 0\n26 0 5 1\n35 0 5 1\n65 0 5 1\n55 0 5 1\n65 0 5 1\n83 0 5 1\n85 -1 5 1\n95 0 5 1\n-19 -1 5 20\n-30 1 500 5\n0 0\n"", ""output"": ""1\n1\n\n""}, {""input"": ""100 5\n101 101 5 5\n110 110 2 3\n-112 -100 9 11\n-208 160 82 90\n-110 108 10 2\n10 11\n15 0 5 1\n25 0 5 1\n35 0 5 1\n52 0 5 1\n55 0 5 1\n65 0 5 1\n75 0 5 1\n85 0 5 1\n95 0 5 1\n-19 0 6 20\n-30 0 500 5\n0 0\n"", ""output"": ""1\n1\n\n""}, {""input"": ""100 5\n101 111 5 5\n110 110 2 3\n-112 -100 5 11\n-208 160 82 90\n-110 108 10 2\n10 11\n15 0 5 1\n25 0 5 1\n35 0 5 1\n45 0 5 1\n55 0 5 1\n65 0 5 1\n75 0 5 1\n85 0 5 1\n95 0 5 1\n-19 0 5 2\n-30 0 500 5\n0 0\n"", ""output"": ""1\n0\n\n""}, {""input"": ""100 5\n001 101 5 5\n110 110 2 3\n-112 -100 5 11\n-208 160 82 90\n-110 108 10 2\n10 11\n15 -1 5 1\n25 0 5 1\n35 0 5 1\n45 0 5 1\n55 0 5 1\n65 0 5 1\n75 0 5 1\n85 0 5 1\n95 0 5 1\n-19 1 5 20\n-30 0 500 5\n0 0\n"", ""output"": ""2\n1\n\n""}, {""input"": ""100 5\n101 101 5 5\n110 110 2 3\n-112 -100 5 11\n-208 160 82 90\n-110 108 10 2\n10 11\n15 -1 5 1\n25 0 5 1\n35 0 5 1\n15 0 5 1\n55 0 5 1\n65 1 5 1\n80 0 5 1\n85 0 5 1\n95 0 5 1\n-19 0 5 20\n-30 0 500 5\n0 0\n"", ""output"": ""1\n1\n\n""}, {""input"": ""100 5\n101 101 5 5\n110 110 2 3\n-112 -2 9 11\n-208 160 82 90\n-110 108 10 2\n10 11\n15 0 5 1\n25 0 5 1\n35 0 5 1\n45 0 5 1\n55 0 5 1\n65 0 5 1\n75 0 5 1\n85 0 10 1\n36 0 5 1\n-20 0 5 20\n-30 0 500 5\n0 0\n"", ""output"": ""1\n1\n\n""}, {""input"": ""100 5\n101 101 5 5\n010 110 2 3\n-112 -100 9 11\n-208 160 82 90\n-110 108 10 2\n10 11\n15 0 5 1\n25 0 5 1\n35 0 5 1\n45 0 5 1\n55 0 5 1\n65 0 5 1\n75 0 5 1\n85 0 5 1\n95 0 5 1\n-4 0 5 20\n-30 0 500 5\n0 0\n"", ""output"": ""1\n1\n\n""}, {""input"": ""100 5\n101 101 5 5\n110 110 2 3\n-112 -30 5 11\n-208 160 82 90\n-110 108 10 2\n10 11\n15 0 5 1\n25 0 5 1\n35 0 5 1\n45 0 5 1\n55 0 3 1\n65 0 5 1\n75 0 5 1\n85 0 5 1\n95 -1 5 1\n-19 0 5 20\n-30 0 500 5\n0 0\n"", ""output"": ""1\n1\n\n""}, {""input"": ""100 5\n101 101 5 5\n110 110 2 3\n-112 -115 5 11\n-208 160 82 90\n-110 108 10 2\n10 11\n15 -1 5 1\n25 0 5 1\n35 0 5 1\n65 0 5 1\n55 1 5 1\n65 0 5 1\n75 0 5 1\n85 0 5 1\n95 0 5 1\n-19 0 5 20\n-30 0 500 5\n0 0\n"", ""output"": ""1\n1\n\n""}, {""input"": ""100 5\n101 101 5 5\n110 110 2 3\n-112 -100 5 7\n-208 173 82 90\n-110 108 10 2\n10 11\n15 -1 5 1\n25 0 5 1\n35 0 5 1\n15 -1 5 1\n55 0 5 1\n65 0 5 1\n75 0 5 1\n85 0 5 1\n95 0 5 1\n-19 0 5 20\n-30 0 500 5\n0 0\n"", ""output"": ""1\n1\n\n""}, {""input"": ""100 5\n101 101 5 5\n110 110 2 3\n-112 -100 9 11\n-208 160 82 90\n-110 178 10 2\n10 11\n15 0 5 1\n25 0 5 0\n35 -1 5 1\n45 0 5 1\n55 0 5 1\n65 0 5 1\n75 0 5 1\n85 0 5 1\n36 0 5 1\n-20 0 5 20\n-30 0 500 5\n0 0\n"", ""output"": ""1\n1\n\n""}, {""input"": ""100 5\n111 101 5 5\n110 110 2 3\n-112 -100 5 11\n-208 63 82 90\n-110 108 10 2\n10 11\n15 -1 5 1\n25 0 5 1\n35 0 5 1\n65 0 5 1\n55 0 5 1\n32 0 5 1\n75 0 5 1\n85 0 5 1\n95 0 5 1\n-19 0 5 20\n-30 0 500 5\n0 0\n"", ""output"": ""0\n1\n\n""}, {""input"": ""100 5\n101 111 5 5\n110 110 2 3\n-112 -100 9 11\n-208 160 82 90\n-110 108 10 2\n10 11\n15 0 5 1\n25 1 5 1\n35 -1 5 1\n53 0 5 1\n55 0 5 1\n65 0 5 1\n75 0 5 1\n85 0 5 1\n36 0 5 1\n-20 0 5 20\n-30 0 500 5\n0 0\n"", ""output"": ""1\n1\n\n""}, {""input"": ""100 5\n101 101 5 5\n110 110 3 3\n-112 -30 5 11\n-208 160 82 90\n-93 108 10 2\n10 11\n15 0 5 1\n25 0 5 1\n35 0 5 1\n45 0 5 1\n55 0 5 2\n65 0 5 1\n81 0 5 1\n85 0 5 1\n95 0 5 1\n-19 0 5 20\n-30 0 500 5\n0 0\n"", ""output"": ""1\n1\n\n""}, {""input"": ""100 5\n111 101 5 5\n110 110 2 3\n-112 -100 5 11\n-208 293 82 90\n-110 159 10 2\n10 11\n15 -1 5 1\n25 0 5 1\n35 0 5 1\n65 0 5 1\n55 0 5 1\n65 0 5 2\n75 0 5 1\n85 0 5 1\n95 0 5 1\n-19 0 5 20\n-30 0 500 5\n0 0\n"", ""output"": ""1\n1\n\n""}, {""input"": ""100 5\n101 111 5 5\n110 110 2 3\n-112 -100 9 11\n-208 160 82 90\n-110 87 14 2\n10 11\n15 0 5 1\n25 0 5 1\n35 -1 5 1\n45 0 5 1\n55 0 5 1\n65 0 5 1\n75 0 5 1\n85 0 5 1\n36 0 5 0\n-20 0 5 20\n-30 0 500 5\n0 0\n"", ""output"": ""0\n1\n\n""}, {""input"": ""100 5\n101 101 5 5\n110 110 3 3\n-112 -30 5 11\n-208 155 82 90\n-110 108 10 2\n10 11\n15 0 5 1\n25 0 5 1\n35 0 5 2\n45 0 5 1\n55 0 5 2\n65 -1 5 1\n75 0 5 1\n85 0 5 1\n95 0 5 1\n-19 0 5 20\n-30 0 500 5\n0 0\n"", ""output"": ""1\n1\n\n""}, {""input"": ""100 5\n111 101 5 5\n110 110 2 3\n-112 -100 5 11\n-208 160 82 145\n-110 159 10 2\n10 11\n15 -1 5 1\n25 0 5 1\n35 0 5 1\n65 0 5 1\n55 0 5 2\n65 0 5 1\n83 0 5 1\n85 0 5 1\n95 0 5 1\n-19 0 5 20\n-30 0 500 5\n0 0\n"", ""output"": ""0\n1\n\n""}, {""input"": ""100 5\n101 111 5 5\n110 110 2 3\n-112 -100 9 11\n-208 160 82 102\n-110 108 9 2\n10 11\n15 0 5 1\n25 0 5 1\n35 -1 5 1\n45 0 5 1\n55 0 5 0\n65 0 5 1\n75 0 5 1\n85 0 5 1\n36 0 5 0\n-20 0 5 20\n-30 0 500 5\n0 0\n"", ""output"": ""1\n1\n\n""}, {""input"": ""100 5\n111 101 5 5\n110 110 2 3\n-112 -100 5 11\n-208 160 112 90\n-110 159 10 0\n10 11\n15 -2 5 1\n25 0 5 1\n35 0 5 1\n65 0 5 1\n55 0 5 1\n65 0 5 1\n83 0 5 1\n85 0 5 1\n95 0 5 1\n-19 0 5 20\n-30 0 500 5\n0 0\n"", ""output"": ""1\n1\n\n""}, {""input"": ""100 5\n101 111 5 5\n110 110 2 3\n-112 -100 9 11\n-208 160 82 102\n-110 108 10 2\n10 11\n15 0 5 1\n25 0 5 1\n35 -1 5 1\n45 0 10 1\n55 0 5 1\n65 0 4 1\n75 0 5 1\n85 0 5 1\n36 0 5 -1\n-20 0 5 20\n-30 0 500 5\n0 0\n"", ""output"": ""1\n1\n\n""}, {""input"": ""100 5\n111 101 5 5\n110 010 2 3\n-112 -100 5 11\n-208 160 109 90\n-110 159 10 2\n10 11\n15 -1 5 1\n25 0 5 1\n56 0 5 1\n65 0 5 1\n55 0 5 1\n65 0 5 1\n83 0 5 1\n85 0 5 1\n95 0 5 1\n-19 0 5 20\n-30 0 500 5\n0 0\n"", ""output"": ""1\n1\n\n""}, {""input"": ""100 5\n101 111 5 5\n110 110 2 3\n-112 -100 9 11\n-208 160 82 102\n-110 108 10 2\n10 11\n15 0 5 1\n25 0 5 1\n35 -1 5 2\n45 0 10 1\n55 0 5 1\n65 0 0 1\n75 0 5 1\n73 0 5 1\n36 0 5 0\n-20 0 5 20\n-30 0 500 5\n0 0\n"", ""output"": ""1\n1\n\n""}, {""input"": ""100 5\n111 101 5 5\n110 110 0 3\n-112 -100 5 11\n-208 160 109 90\n-110 159 10 2\n10 11\n15 -1 5 2\n25 0 5 1\n35 0 5 1\n65 0 5 1\n55 0 5 1\n65 0 5 1\n83 0 5 1\n85 0 5 1\n95 -1 5 1\n-19 0 5 20\n-30 0 500 5\n0 0\n"", ""output"": ""1\n1\n\n""}, {""input"": ""110 5\n101 111 5 5\n110 110 2 3\n-112 -100 9 11\n-208 160 82 102\n-110 108 10 2\n10 11\n15 0 5 1\n25 0 5 1\n35 -1 5 2\n45 0 10 1\n55 0 5 1\n65 0 5 1\n30 0 5 1\n85 0 5 1\n36 0 5 0\n-20 0 5 20\n-30 0 107 5\n0 0\n"", ""output"": ""1\n1\n\n""}, {""input"": ""100 5\n101 111 9 5\n110 110 2 3\n-112 -100 9 11\n-208 160 82 102\n-110 108 10 2\n10 11\n15 0 5 1\n25 0 5 1\n35 -1 5 2\n21 0 10 1\n55 0 5 1\n65 0 5 1\n75 0 5 0\n85 0 5 1\n36 0 5 0\n-20 0 5 20\n-30 0 107 5\n0 0\n"", ""output"": ""1\n1\n\n""}, {""input"": ""100 5\n111 101 5 5\n110 110 2 3\n-112 -100 5 11\n-208 160 109 90\n-110 159 10 2\n10 11\n15 -1 5 2\n25 0 5 1\n35 0 5 1\n118 0 5 1\n55 0 5 1\n65 0 5 1\n149 0 5 1\n85 0 5 1\n95 0 5 1\n-19 -1 5 20\n-30 1 500 5\n0 0\n"", ""output"": ""1\n1\n\n""}, {""input"": ""100 5\n110 101 5 3\n110 110 2 3\n-112 -100 5 11\n-208 160 109 90\n-110 159 10 2\n10 11\n15 -1 5 2\n25 0 5 1\n35 0 6 1\n65 0 5 1\n55 0 5 1\n65 0 5 1\n83 0 5 1\n85 0 5 1\n95 0 5 1\n-19 -1 5 20\n-30 1 500 5\n0 0\n"", ""output"": ""1\n1\n\n""}, {""input"": ""100 5\n010 101 5 5\n110 110 2 3\n-112 -100 5 11\n-208 160 109 172\n-110 159 10 2\n10 11\n15 -1 5 2\n25 0 5 1\n35 0 5 1\n65 0 5 1\n55 0 5 1\n65 0 5 1\n83 0 5 1\n85 -1 5 1\n95 0 5 1\n-19 -1 5 20\n-30 1 500 5\n0 0\n"", ""output"": ""2\n1\n\n""}, {""input"": ""100 5\n110 101 5 5\n110 110 2 3\n-112 -100 5 11\n-208 160 109 90\n-110 159 10 2\n10 11\n15 -1 5 0\n26 0 5 1\n35 0 5 1\n65 0 5 1\n55 0 5 2\n65 0 5 1\n83 0 5 1\n85 -1 5 1\n95 0 5 1\n-19 -1 5 20\n-30 1 500 5\n0 0\n"", ""output"": ""1\n1\n\n""}, {""input"": ""100 5\n101 101 5 5\n110 110 2 3\n-112 -100 9 11\n-208 160 82 90\n-110 108 10 2\n10 11\n15 0 5 1\n25 0 5 1\n35 0 5 1\n45 0 5 1\n55 0 5 1\n65 0 5 1\n75 0 5 1\n85 0 5 1\n95 0 5 1\n-20 0 5 20\n-30 0 500 5\n0 0\n"", ""output"": ""1\n1\n""}, {""input"": ""100 5\n101 101 5 5\n110 110 2 3\n-112 -100 9 11\n-208 160 82 90\n-110 108 10 2\n10 11\n15 0 5 1\n25 0 5 1\n35 0 5 1\n45 0 5 1\n55 0 5 1\n65 0 5 1\n75 0 5 1\n85 0 5 1\n95 0 5 1\n-20 0 5 20\n-30 0 500 5\n0 0\n"", ""output"": ""1\n1\n""}]",102
